[{"name":"HUB subtype","node_type":"add_hub","default_subtype":"01","is_open":true,"children":[{"name":"FAKE HUB","node_type":"minus","id":"00000001","type":"21","obj_type":"hub","can_delete":true,"is_open":true,"children":[{"name":"rooms","node_type":"add","obj_type":"rooms"},{"name":"groups","node_type":"add","obj_type":"groups"},{"name":"devices","node_type":"add","obj_type":"devices","create_device_type":"01"},{"name":"cameras","node_type":"add","obj_type":"cameras"},{"name":"scenarios","node_type":"add","obj_type":"scenarios"},{"name":"users","node_type":"add","obj_type":"users","children":[{"name":"Misha","node_type":"minus","id":"66600666","id_editable":false,"type":"22","type_editable":false,"obj_type":"user","can_delete":false,"children":[{"name":"01","node_type":"param","data_type":"hex","value":"4d69736861"},{"name":"02","node_type":"param","data_type":"hex","value":"6b6f7a6c69756b2e6d40616a61782e73797374656d73"},{"name":"03","node_type":"param","data_type":"hex","value":"2b333830393339333738323436"},{"name":"09","node_type":"param","data_type":"hex","value":"07"},{"name":"0a","node_type":"param","data_type":"hex","value":"03"},{"name":"0b","node_type":"param","data_type":"hex","value":"03"},{"name":"0f","node_type":"param","data_type":"hex","value":"01f5"},{"name":"10","node_type":"param","data_type":"hex","value":"03"},{"name":"14","node_type":"param","data_type":"hex","value":"ffffffff"},{"name":"15","node_type":"param","data_type":"hex","value":"01"},{"name":"19","node_type":"param","data_type":"hex","value":"ffffffffffffffff"},{"name":"1a","node_type":"param","data_type":"hex","value":"ffffffffffffffff"},{"name":"21","node_type":"param","data_type":"hex","value":"00000000"}]}]},{"name":"cards","node_type":"add","obj_type":"cards"},{"name":"billing_companies","node_type":"add","obj_type":"billing_companies"},{"name":"notifications","node_type":"add","obj_type":"notifications"},{"name":"00","node_type":"param","data_type":"hex","value":"46414b4520485542"},{"name":"14","value":"ffffffff","node_type":"param","data_type":"hex"},{"name":"01","node_type":"param","data_type":"hex","value":"0064"},{"name":"02","node_type":"param","data_type":"hex","value":"80"},{"name":"03","node_type":"param","data_type":"hex","value":"01"},{"name":"04","node_type":"param","data_type":"hex","value":"0003"},{"name":"05","node_type":"param","data_type":"hex","value":"80"},{"name":"06","node_type":"param","data_type":"hex","value":"00"},{"name":"07","node_type":"param","data_type":"hex","value":"01"},{"name":"08","node_type":"param","data_type":"hex","value":"00"},{"name":"0f","node_type":"param","data_type":"hex","value":"00"},{"name":"10","node_type":"param","data_type":"hex","value":"01"},{"name":"12","node_type":"param","data_type":"hex","value":"03"},{"name":"14","node_type":"param","data_type":"hex","value":"00000000"},{"name":"20","node_type":"param","data_type":"hex","value":"696e7465726e6574"},{"name":"21","node_type":"param","data_type":"hex","value":"00"},{"name":"22","node_type":"param","data_type":"hex","value":"00"},{"name":"23","node_type":"param","data_type":"hex","value":"05050505"},{"name":"24","node_type":"param","data_type":"hex","value":"05050505"},{"name":"25","node_type":"param","data_type":"hex","value":"05050505"},{"name":"26","node_type":"param","data_type":"hex","value":"05050505"},{"name":"34","node_type":"param","data_type":"hex","value":"0064"},{"name":"37","node_type":"param","data_type":"hex","value":"00033838"},{"name":"38","node_type":"param","data_type":"hex","value":"0024"},{"name":"39","node_type":"param","data_type":"hex","value":"0008"},{"name":"3b","node_type":"param","data_type":"hex","value":"00"},{"name":"3e","node_type":"param","data_type":"hex","value":"00"},{"name":"3f","node_type":"param","data_type":"hex","value":"003c"},{"name":"41","node_type":"param","data_type":"hex","value":"0096"},{"name":"47","node_type":"param","data_type":"hex","value":"012c"},{"name":"48","node_type":"param","data_type":"hex","value":"07"},{"name":"49","node_type":"param","data_type":"hex","value":"01"},{"name":"4a","node_type":"param","data_type":"hex","value":"01"},{"name":"4b","node_type":"param","data_type":"hex","value":"01"},{"name":"4c","node_type":"param","data_type":"hex","value":"01"},{"name":"4d","node_type":"param","data_type":"hex","value":"00"},{"name":"4f","node_type":"param","data_type":"hex","value":"0064"},{"name":"50","node_type":"param","data_type":"hex","value":"00000031"},{"name":"51","node_type":"param","data_type":"hex","value":"01"},{"name":"53","node_type":"param","data_type":"hex","value":"00"},{"name":"55","node_type":"param","data_type":"hex","value":"01"},{"name":"56","node_type":"param","data_type":"hex","value":"01"},{"name":"57","node_type":"param","data_type":"hex","value":"01"},{"name":"58","node_type":"param","data_type":"hex","value":"01"},{"name":"59","node_type":"param","data_type":"hex","value":"01"},{"name":"5a","node_type":"param","data_type":"hex","value":"01"},{"name":"5b","node_type":"param","data_type":"hex","value":"01"},{"name":"5c","node_type":"param","data_type":"hex","value":"00"},{"name":"5f","node_type":"param","data_type":"hex","value":"00"},{"name":"60","node_type":"param","data_type":"hex","value":"00000000"},{"name":"61","node_type":"param","data_type":"hex","value":"00000000"},{"name":"62","node_type":"param","data_type":"hex","value":"01"},{"name":"63","node_type":"param","data_type":"hex","value":"00"},{"name":"65","node_type":"param","data_type":"hex","value":"00"},{"name":"66","node_type":"param","data_type":"hex","value":"00"},{"name":"67","node_type":"param","data_type":"hex","value":"00"},{"name":"68","node_type":"param","data_type":"hex","value":"01"},{"name":"69","node_type":"param","data_type":"hex","value":"80000000"},{"name":"6a","node_type":"param","data_type":"hex","value":"00"},{"name":"6b","node_type":"param","data_type":"hex","value":"00"},{"name":"6c","node_type":"param","data_type":"hex","value":"0000"},{"name":"6d","node_type":"param","data_type":"hex","value":"07"},{"name":"70","node_type":"param","data_type":"hex","value":"00"},{"name":"72","node_type":"param","data_type":"hex","value":"01"},{"name":"73","node_type":"param","data_type":"hex","value":"01"},{"name":"74","node_type":"param","data_type":"hex","value":"00000000"},{"name":"75","node_type":"param","data_type":"hex","value":"02"},{"name":"76","node_type":"param","data_type":"hex","value":"0032"},{"name":"77","node_type":"param","data_type":"hex","value":"0064"},{"name":"78","node_type":"param","data_type":"hex","value":"0032"},{"name":"79","node_type":"param","data_type":"hex","value":"000a"},{"name":"7a","node_type":"param","data_type":"hex","value":"02"},{"name":"7b","node_type":"param","data_type":"hex","value":"00"},{"name":"7c","node_type":"param","data_type":"hex","value":"00000000"},{"name":"7d","node_type":"param","data_type":"hex","value":"00000000"},{"name":"7e","node_type":"param","data_type":"hex","value":"01"},{"name":"84","node_type":"param","data_type":"hex","value":"00"},{"name":"86","node_type":"param","data_type":"hex","value":"0009"},{"name":"87","node_type":"param","data_type":"hex","value":"333830363338363838383736"},{"name":"88","node_type":"param","data_type":"hex","value":"333830363338363838383736"},{"name":"89","node_type":"param","data_type":"hex","value":"00"},{"name":"8a","node_type":"param","data_type":"hex","value":"0000"},{"name":"8b","node_type":"param","data_type":"hex","value":"00000000"},{"name":"8c","node_type":"param","data_type":"hex","value":"00000000"},{"name":"8f","node_type":"param","data_type":"hex","value":"00"},{"name":"90","node_type":"param","data_type":"hex","value":"00000000"},{"name":"92","node_type":"param","data_type":"hex","value":"00"},{"name":"93","node_type":"param","data_type":"hex","value":"303030"},{"name":"96","node_type":"param","data_type":"hex","value":"00"},{"name":"9f","node_type":"param","data_type":"hex","value":"00"},{"name":"a0","node_type":"param","data_type":"hex","value":"00"},{"name":"a1","node_type":"param","data_type":"hex","value":"0000"},{"name":"a9","node_type":"param","data_type":"hex","value":"05"},{"name":"ac","node_type":"param","data_type":"hex","value":"05"},{"name":"b0","node_type":"param","data_type":"hex","value":"0000000000000000"},{"name":"b2","node_type":"param","data_type":"hex","value":"00"},{"name":"b3","node_type":"param","data_type":"hex","value":"00"},{"name":"b4","node_type":"param","data_type":"hex","value":"1e"},{"name":"b8","node_type":"param","data_type":"hex","value":"00"},{"name":"b9","node_type":"param","data_type":"hex","value":"00000000"},{"name":"bb","node_type":"param","data_type":"hex","value":"00"},{"name":"bc","node_type":"param","data_type":"hex","value":"00"},{"name":"bf","node_type":"param","data_type":"hex","value":"00"},{"name":"c0","node_type":"param","data_type":"hex","value":"00"},{"name":"c1","node_type":"param","data_type":"hex","value":"3f"},{"name":"c2","node_type":"param","data_type":"hex","value":"00"},{"name":"c3","node_type":"param","data_type":"hex","value":"00"},{"name":"c4","node_type":"param","data_type":"hex","value":"01"},{"name":"c5","node_type":"param","data_type":"hex","value":"00"},{"name":"c6","node_type":"param","data_type":"hex","value":"01e0"},{"name":"c7","node_type":"param","data_type":"hex","value":"00"},{"name":"c8","node_type":"param","data_type":"hex","value":"001e"},{"name":"c9","node_type":"param","data_type":"hex","value":"003c"},{"name":"ca","node_type":"param","data_type":"hex","value":"03"},{"name":"cb","node_type":"param","data_type":"hex","value":"00"},{"name":"cd","node_type":"param","data_type":"hex","value":"00"},{"name":"ce","node_type":"param","data_type":"hex","value":"00000000"},{"name":"cf","node_type":"param","data_type":"hex","value":"01"},{"name":"d0","node_type":"param","data_type":"hex","value":"0000"},{"name":"d1","node_type":"param","data_type":"hex","value":"00000000"},{"name":"d2","node_type":"param","data_type":"hex","value":"00"},{"name":"d3","node_type":"param","data_type":"hex","value":"01"},{"name":"d4","node_type":"param","data_type":"hex","value":"03"},{"name":"d5","node_type":"param","data_type":"hex","value":"8000"},{"name":"d6","node_type":"param","data_type":"hex","value":"08"},{"name":"d7","node_type":"param","data_type":"hex","value":"00"},{"name":"d8","node_type":"param","data_type":"hex","value":"00"},{"name":"db","node_type":"param","data_type":"hex","value":"00"},{"name":"e1","node_type":"param","data_type":"hex","value":"00"},{"name":"e2","node_type":"param","data_type":"hex","value":"00"},{"name":"e3","node_type":"param","data_type":"hex","value":"00"}]},{"name":"Misha","node_type":"minus","id":"66600666","id_editable":false,"type":"22","type_editable":false,"obj_type":"logged_user","can_delete":false,"children":[{"name":"01","node_type":"param","data_type":"hex","value":"4d69736861"},{"name":"02","node_type":"param","data_type":"hex","value":"6b6f7a6c69756b2e6d40616a61782e73797374656d73"},{"name":"03","node_type":"param","data_type":"hex","value":"2b333830393339333738323436"},{"name":"09","node_type":"param","data_type":"hex","value":"07"},{"name":"0a","node_type":"param","data_type":"hex","value":"03"},{"name":"0b","node_type":"param","data_type":"hex","value":"03"},{"name":"0f","node_type":"param","data_type":"hex","value":"01f5"},{"name":"10","node_type":"param","data_type":"hex","value":"03"},{"name":"14","node_type":"param","data_type":"hex","value":"ffffffff"},{"name":"15","node_type":"param","data_type":"hex","value":"01"},{"name":"19","node_type":"param","data_type":"hex","value":"ffffffffffffffff"},{"name":"1a","node_type":"param","data_type":"hex","value":"ffffffffffffffff"},{"name":"21","node_type":"param","data_type":"hex","value":"00000000"}]}]}]