[{"name":".","node_type":"add_hub","is_open":true,"children":[{"name":"FAKE HUB","node_type":"minus","id":"00000001","type":"21","obj_type":"hub","can_delete":true,"is_open":true,"children":[{"name":"rooms","node_type":"add","obj_type":"rooms"},{"name":"groups","node_type":"add","obj_type":"groups"},{"name":"devices","node_type":"add","obj_type":"devices"},{"name":"users","node_type":"add","obj_type":"users","children":[{"name":"Misha","node_type":"minus","id":"66600666","id_editable":false,"type":"22","obj_type":"user","can_delete":false,"children":[{"name":"01","node_type":"param","data_type":"hex","value":"4d69736861"},{"name":"02","node_type":"param","data_type":"hex","value":"6b6f7a6c69756b2e6d40616a61782e73797374656d73"},{"name":"03","node_type":"param","data_type":"hex","value":"2b333830393339333738323436"},{"name":"09","node_type":"param","data_type":"hex","value":"07"},{"name":"0a","node_type":"param","data_type":"hex","value":"03"},{"name":"0b","node_type":"param","data_type":"hex","value":"03"},{"name":"0f","node_type":"param","data_type":"hex","value":"01f5"},{"name":"10","node_type":"param","data_type":"hex","value":"03"},{"name":"14","node_type":"param","data_type":"hex","value":"ffffffff"},{"name":"15","node_type":"param","data_type":"hex","value":"01"},{"name":"19","node_type":"param","data_type":"hex","value":"ffffffffffffffff"},{"name":"1a","node_type":"param","data_type":"hex","value":"ffffffffffffffff"},{"name":"21","node_type":"param","data_type":"hex","value":"00000000"}]}]},{"name":"cards","node_type":"add","obj_type":"cards"},{"name":"billing_companies","node_type":"add","obj_type":"billing_companies"},{"name":"notifications","node_type":"add","obj_type":"notifications","is_open":true,"children":[{"name":"7e194fd2","node_type":"minus","id":"","id_editable":false,"type":" 21-08-12 15:39:17 ","obj_type":"notification","can_delete":true,"is_open":true,"children":[{"name":"log_id:","node_type":"field","data_type":"hex","value":"7e194fd2","editable":false,"index":0},{"name":"log_type:","node_type":"field","data_type":"hex","value":"07","editable":true,"index":1},{"name":"dev_type:","node_type":"field","data_type":"hex","value":"21","editable":true,"index":2},{"name":"dev_id:","node_type":"field","data_type":"hex","value":"00ff0001","editable":true,"index":3},{"name":"event_type:","node_type":"field","data_type":"hex","value":"25","editable":true,"index":4},{"name":"room_id:","node_type":"field","data_type":"hex","value":"01","editable":true,"index":5},{"name":"dev_name:","node_type":"field","data_type":"str","value":"Device","editable":true,"index":6},{"name":"room_name:","node_type":"field","data_type":"str","value":"Room","editable":true,"index":7},{"name":"time:","node_type":"field","data_type":"date","value":"21-08-12 15:39:17","editable":true,"index":8},{"name":"additional:","node_type":"field","data_type":"hex","value":"","editable":true,"index":9}]},{"name":"7e194fd1","node_type":"minus","id":"","id_editable":false,"type":" 21-08-12 15:38:57 ","obj_type":"notification","can_delete":true,"is_open":true,"children":[{"name":"log_id:","node_type":"field","data_type":"hex","value":"7e194fd1","editable":false,"index":0},{"name":"log_type:","node_type":"field","data_type":"hex","value":"01","editable":true,"index":1},{"name":"dev_type:","node_type":"field","data_type":"hex","value":"21","editable":true,"index":2},{"name":"dev_id:","node_type":"field","data_type":"hex","value":"00ff0001","editable":true,"index":3},{"name":"event_type:","node_type":"field","data_type":"hex","value":"24","editable":true,"index":4},{"name":"room_id:","node_type":"field","data_type":"hex","value":"01","editable":true,"index":5},{"name":"dev_name:","node_type":"field","data_type":"str","value":"Device","editable":true,"index":6},{"name":"room_name:","node_type":"field","data_type":"str","value":"Room","editable":true,"index":7},{"name":"time:","node_type":"field","data_type":"date","value":"21-08-12 15:38:57","editable":true,"index":8},{"name":"additional:","node_type":"field","data_type":"hex","value":"","editable":true,"index":9}]},{"name":"7e194fd0","node_type":"minus","id":"","id_editable":false,"type":" 21-08-12 15:38:47 ","obj_type":"notification","can_delete":true,"is_open":true,"children":[{"name":"log_id:","node_type":"field","data_type":"hex","value":"7e194fd0","editable":false,"index":0},{"name":"log_type:","node_type":"field","data_type":"hex","value":"07","editable":true,"index":1},{"name":"dev_type:","node_type":"field","data_type":"hex","value":"21","editable":true,"index":2},{"name":"dev_id:","node_type":"field","data_type":"hex","value":"00ff0001","editable":true,"index":3},{"name":"event_type:","node_type":"field","data_type":"hex","value":"23","editable":true,"index":4},{"name":"room_id:","node_type":"field","data_type":"hex","value":"01","editable":true,"index":5},{"name":"dev_name:","node_type":"field","data_type":"str","value":"Device","editable":true,"index":6},{"name":"room_name:","node_type":"field","data_type":"str","value":"Room","editable":true,"index":7},{"name":"time:","node_type":"field","data_type":"date","value":"21-08-12 15:38:47","editable":true,"index":8},{"name":"additional:","node_type":"field","data_type":"hex","value":"","editable":true,"index":9}]},{"name":"7e194fcf","node_type":"minus","id":"","id_editable":false,"type":" 21-08-12 15:38:35 ","obj_type":"notification","can_delete":true,"is_open":true,"children":[{"name":"log_id:","node_type":"field","data_type":"hex","value":"7e194fcf","editable":false,"index":0},{"name":"log_type:","node_type":"field","data_type":"hex","value":"01","editable":true,"index":1},{"name":"dev_type:","node_type":"field","data_type":"hex","value":"21","editable":true,"index":2},{"name":"dev_id:","node_type":"field","data_type":"hex","value":"00ff0001","editable":true,"index":3},{"name":"event_type:","node_type":"field","data_type":"hex","value":"22","editable":true,"index":4},{"name":"room_id:","node_type":"field","data_type":"hex","value":"01","editable":true,"index":5},{"name":"dev_name:","node_type":"field","data_type":"str","value":"Device","editable":true,"index":6},{"name":"room_name:","node_type":"field","data_type":"str","value":"Room","editable":true,"index":7},{"name":"time:","node_type":"field","data_type":"date","value":"21-08-12 15:38:35","editable":true,"index":8},{"name":"additional:","node_type":"field","data_type":"hex","value":"","editable":true,"index":9}]},{"name":"7e194fce","node_type":"minus","id":"","id_editable":false,"type":" 21-08-12 15:38:05 ","obj_type":"notification","can_delete":true,"is_open":true,"children":[{"name":"log_id:","node_type":"field","data_type":"hex","value":"7e194fce","editable":false,"index":0},{"name":"log_type:","node_type":"field","data_type":"hex","value":"07","editable":true,"index":1},{"name":"dev_type:","node_type":"field","data_type":"hex","value":"21","editable":true,"index":2},{"name":"dev_id:","node_type":"field","data_type":"hex","value":"00ff0001","editable":true,"index":3},{"name":"event_type:","node_type":"field","data_type":"hex","value":"21","editable":true,"index":4},{"name":"room_id:","node_type":"field","data_type":"hex","value":"01","editable":true,"index":5},{"name":"dev_name:","node_type":"field","data_type":"str","value":"Device","editable":true,"index":6},{"name":"room_name:","node_type":"field","data_type":"str","value":"Room","editable":true,"index":7},{"name":"time:","node_type":"field","data_type":"date","value":"21-08-12 15:38:05","editable":true,"index":8},{"name":"additional:","node_type":"field","data_type":"hex","value":"","editable":true,"index":9}]},{"name":"7e194fcd","node_type":"minus","id":"","id_editable":false,"type":" 21-08-12 15:37:21 ","obj_type":"notification","can_delete":true,"is_open":true,"children":[{"name":"log_id:","node_type":"field","data_type":"hex","value":"7e194fcd","editable":false,"index":0},{"name":"log_type:","node_type":"field","data_type":"hex","value":"01","editable":true,"index":1},{"name":"dev_type:","node_type":"field","data_type":"hex","value":"21","editable":true,"index":2},{"name":"dev_id:","node_type":"field","data_type":"hex","value":"00ff0001","editable":true,"index":3},{"name":"event_type:","node_type":"field","data_type":"hex","value":"20","editable":true,"index":4},{"name":"room_id:","node_type":"field","data_type":"hex","value":"01","editable":true,"index":5},{"name":"dev_name:","node_type":"field","data_type":"str","value":"Device","editable":true,"index":6},{"name":"room_name:","node_type":"field","data_type":"str","value":"Room","editable":true,"index":7},{"name":"time:","node_type":"field","data_type":"date","value":"21-08-12 15:37:21","editable":true,"index":8},{"name":"additional:","node_type":"field","data_type":"hex","value":"","editable":true,"index":9}]},{"name":"109ccbf9","node_type":"minus","id":"","id_editable":false,"type":" 21-04-24 13:13:07 ","obj_type":"notification","can_delete":true,"is_open":true,"children":[{"name":"log_id:","node_type":"field","data_type":"hex","value":"109ccbf9","editable":false,"index":0},{"name":"log_type:","node_type":"field","data_type":"hex","value":"00","editable":true,"index":1},{"name":"dev_type:","node_type":"field","data_type":"hex","value":"21","editable":true,"index":2},{"name":"dev_id:","node_type":"field","data_type":"hex","value":"00ff0001","editable":true,"index":3},{"name":"event_type:","node_type":"field","data_type":"hex","value":"1f","editable":true,"index":4},{"name":"room_id:","node_type":"field","data_type":"hex","value":"01","editable":true,"index":5},{"name":"dev_name:","node_type":"field","data_type":"str","value":"Device","editable":true,"index":6},{"name":"room_name:","node_type":"field","data_type":"str","value":"Room","editable":true,"index":7},{"name":"time:","node_type":"field","data_type":"date","value":"21-04-24 13:13:07","editable":true,"index":8},{"name":"additional:","node_type":"field","data_type":"hex","value":"","editable":true,"index":9}]},{"name":"109ccbf8","node_type":"minus","id":"","id_editable":false,"type":" 21-04-24 13:12:57 ","obj_type":"notification","can_delete":true,"is_open":true,"children":[{"name":"log_id:","node_type":"field","data_type":"hex","value":"109ccbf8","editable":false,"index":0},{"name":"log_type:","node_type":"field","data_type":"hex","value":"00","editable":true,"index":1},{"name":"dev_type:","node_type":"field","data_type":"hex","value":"21","editable":true,"index":2},{"name":"dev_id:","node_type":"field","data_type":"hex","value":"00ff0001","editable":true,"index":3},{"name":"event_type:","node_type":"field","data_type":"hex","value":"1e","editable":true,"index":4},{"name":"room_id:","node_type":"field","data_type":"hex","value":"01","editable":true,"index":5},{"name":"dev_name:","node_type":"field","data_type":"str","value":"Device","editable":true,"index":6},{"name":"room_name:","node_type":"field","data_type":"str","value":"Room","editable":true,"index":7},{"name":"time:","node_type":"field","data_type":"date","value":"21-04-24 13:12:57","editable":true,"index":8},{"name":"additional:","node_type":"field","data_type":"hex","value":"","editable":true,"index":9}]},{"name":"109ccbf7","node_type":"minus","id":"","id_editable":false,"type":" 21-04-24 13:12:48 ","obj_type":"notification","can_delete":true,"is_open":true,"children":[{"name":"log_id:","node_type":"field","data_type":"hex","value":"109ccbf7","editable":false,"index":0},{"name":"log_type:","node_type":"field","data_type":"hex","value":"09","editable":true,"index":1},{"name":"dev_type:","node_type":"field","data_type":"hex","value":"21","editable":true,"index":2},{"name":"dev_id:","node_type":"field","data_type":"hex","value":"00ff0001","editable":true,"index":3},{"name":"event_type:","node_type":"field","data_type":"hex","value":"1d","editable":true,"index":4},{"name":"room_id:","node_type":"field","data_type":"hex","value":"01","editable":true,"index":5},{"name":"dev_name:","node_type":"field","data_type":"str","value":"Device","editable":true,"index":6},{"name":"room_name:","node_type":"field","data_type":"str","value":"Room","editable":true,"index":7},{"name":"time:","node_type":"field","data_type":"date","value":"21-04-24 13:12:48","editable":true,"index":8},{"name":"additional:","node_type":"field","data_type":"hex","value":"","editable":true,"index":9}]},{"name":"109ccbf6","node_type":"minus","id":"","id_editable":false,"type":" 21-04-24 13:12:38 ","obj_type":"notification","can_delete":true,"is_open":true,"children":[{"name":"log_id:","node_type":"field","data_type":"hex","value":"109ccbf6","editable":false,"index":0},{"name":"log_type:","node_type":"field","data_type":"hex","value":"09","editable":true,"index":1},{"name":"dev_type:","node_type":"field","data_type":"hex","value":"21","editable":true,"index":2},{"name":"dev_id:","node_type":"field","data_type":"hex","value":"00ff0001","editable":true,"index":3},{"name":"event_type:","node_type":"field","data_type":"hex","value":"1c","editable":true,"index":4},{"name":"room_id:","node_type":"field","data_type":"hex","value":"01","editable":true,"index":5},{"name":"dev_name:","node_type":"field","data_type":"str","value":"Device","editable":true,"index":6},{"name":"room_name:","node_type":"field","data_type":"str","value":"Room","editable":true,"index":7},{"name":"time:","node_type":"field","data_type":"date","value":"21-04-24 13:12:38","editable":true,"index":8},{"name":"additional:","node_type":"field","data_type":"hex","value":"","editable":true,"index":9}]},{"name":"109ccbf5","node_type":"minus","id":"","id_editable":false,"type":" 21-04-24 13:12:29 ","obj_type":"notification","can_delete":true,"is_open":true,"children":[{"name":"log_id:","node_type":"field","data_type":"hex","value":"109ccbf5","editable":false,"index":0},{"name":"log_type:","node_type":"field","data_type":"hex","value":"09","editable":true,"index":1},{"name":"dev_type:","node_type":"field","data_type":"hex","value":"21","editable":true,"index":2},{"name":"dev_id:","node_type":"field","data_type":"hex","value":"00ff0001","editable":true,"index":3},{"name":"event_type:","node_type":"field","data_type":"hex","value":"1b","editable":true,"index":4},{"name":"room_id:","node_type":"field","data_type":"hex","value":"01","editable":true,"index":5},{"name":"dev_name:","node_type":"field","data_type":"str","value":"Device","editable":true,"index":6},{"name":"room_name:","node_type":"field","data_type":"str","value":"Room","editable":true,"index":7},{"name":"time:","node_type":"field","data_type":"date","value":"21-04-24 13:12:29","editable":true,"index":8},{"name":"additional:","node_type":"field","data_type":"hex","value":"","editable":true,"index":9}]},{"name":"109ccbf4","node_type":"minus","id":"","id_editable":false,"type":" 21-04-24 13:12:19 ","obj_type":"notification","can_delete":true,"is_open":true,"children":[{"name":"log_id:","node_type":"field","data_type":"hex","value":"109ccbf4","editable":false,"index":0},{"name":"log_type:","node_type":"field","data_type":"hex","value":"09","editable":true,"index":1},{"name":"dev_type:","node_type":"field","data_type":"hex","value":"21","editable":true,"index":2},{"name":"dev_id:","node_type":"field","data_type":"hex","value":"00ff0001","editable":true,"index":3},{"name":"event_type:","node_type":"field","data_type":"hex","value":"1a","editable":true,"index":4},{"name":"room_id:","node_type":"field","data_type":"hex","value":"01","editable":true,"index":5},{"name":"dev_name:","node_type":"field","data_type":"str","value":"Device","editable":true,"index":6},{"name":"room_name:","node_type":"field","data_type":"str","value":"Room","editable":true,"index":7},{"name":"time:","node_type":"field","data_type":"date","value":"21-04-24 13:12:19","editable":true,"index":8},{"name":"additional:","node_type":"field","data_type":"hex","value":"","editable":true,"index":9}]},{"name":"109ccbf3","node_type":"minus","id":"","id_editable":false,"type":" 21-04-24 13:12:08 ","obj_type":"notification","can_delete":true,"is_open":true,"children":[{"name":"log_id:","node_type":"field","data_type":"hex","value":"109ccbf3","editable":false,"index":0},{"name":"log_type:","node_type":"field","data_type":"hex","value":"09","editable":true,"index":1},{"name":"dev_type:","node_type":"field","data_type":"hex","value":"21","editable":true,"index":2},{"name":"dev_id:","node_type":"field","data_type":"hex","value":"00ff0001","editable":true,"index":3},{"name":"event_type:","node_type":"field","data_type":"hex","value":"19","editable":true,"index":4},{"name":"room_id:","node_type":"field","data_type":"hex","value":"01","editable":true,"index":5},{"name":"dev_name:","node_type":"field","data_type":"str","value":"Device","editable":true,"index":6},{"name":"room_name:","node_type":"field","data_type":"str","value":"Room","editable":true,"index":7},{"name":"time:","node_type":"field","data_type":"date","value":"21-04-24 13:12:08","editable":true,"index":8},{"name":"additional:","node_type":"field","data_type":"hex","value":"","editable":true,"index":9}]},{"name":"109ccbf2","node_type":"minus","id":"","id_editable":false,"type":" 21-04-24 13:11:27 ","obj_type":"notification","can_delete":true,"is_open":true,"children":[{"name":"log_id:","node_type":"field","data_type":"hex","value":"109ccbf2","editable":false,"index":0},{"name":"log_type:","node_type":"field","data_type":"hex","value":"07","editable":true,"index":1},{"name":"dev_type:","node_type":"field","data_type":"hex","value":"21","editable":true,"index":2},{"name":"dev_id:","node_type":"field","data_type":"hex","value":"00ff0001","editable":true,"index":3},{"name":"event_type:","node_type":"field","data_type":"hex","value":"18","editable":true,"index":4},{"name":"room_id:","node_type":"field","data_type":"hex","value":"01","editable":true,"index":5},{"name":"dev_name:","node_type":"field","data_type":"str","value":"Device","editable":true,"index":6},{"name":"room_name:","node_type":"field","data_type":"str","value":"Room","editable":true,"index":7},{"name":"time:","node_type":"field","data_type":"date","value":"21-04-24 13:11:27","editable":true,"index":8},{"name":"additional:","node_type":"field","data_type":"hex","value":"","editable":true,"index":9}]},{"name":"109ccbf1","node_type":"minus","id":"","id_editable":false,"type":" 21-04-24 13:11:16 ","obj_type":"notification","can_delete":true,"is_open":true,"children":[{"name":"log_id:","node_type":"field","data_type":"hex","value":"109ccbf1","editable":false,"index":0},{"name":"log_type:","node_type":"field","data_type":"hex","value":"01","editable":true,"index":1},{"name":"dev_type:","node_type":"field","data_type":"hex","value":"21","editable":true,"index":2},{"name":"dev_id:","node_type":"field","data_type":"hex","value":"00ff0001","editable":true,"index":3},{"name":"event_type:","node_type":"field","data_type":"hex","value":"17","editable":true,"index":4},{"name":"room_id:","node_type":"field","data_type":"hex","value":"01","editable":true,"index":5},{"name":"dev_name:","node_type":"field","data_type":"str","value":"Device","editable":true,"index":6},{"name":"room_name:","node_type":"field","data_type":"str","value":"Room","editable":true,"index":7},{"name":"time:","node_type":"field","data_type":"date","value":"21-04-24 13:11:16","editable":true,"index":8},{"name":"additional:","node_type":"field","data_type":"hex","value":"","editable":true,"index":9}]},{"name":"109ccbf0","node_type":"minus","id":"","id_editable":false,"type":" 21-04-24 13:10:29 ","obj_type":"notification","can_delete":true,"is_open":true,"children":[{"name":"log_id:","node_type":"field","data_type":"hex","value":"109ccbf0","editable":false,"index":0},{"name":"log_type:","node_type":"field","data_type":"hex","value":"07","editable":true,"index":1},{"name":"dev_type:","node_type":"field","data_type":"hex","value":"21","editable":true,"index":2},{"name":"dev_id:","node_type":"field","data_type":"hex","value":"00ff0001","editable":true,"index":3},{"name":"event_type:","node_type":"field","data_type":"hex","value":"16","editable":true,"index":4},{"name":"room_id:","node_type":"field","data_type":"hex","value":"01","editable":true,"index":5},{"name":"dev_name:","node_type":"field","data_type":"str","value":"Device","editable":true,"index":6},{"name":"room_name:","node_type":"field","data_type":"str","value":"Room","editable":true,"index":7},{"name":"time:","node_type":"field","data_type":"date","value":"21-04-24 13:10:29","editable":true,"index":8},{"name":"additional:","node_type":"field","data_type":"hex","value":"","editable":true,"index":9}]},{"name":"109ccbef","node_type":"minus","id":"","id_editable":false,"type":" 21-04-24 13:10:13 ","obj_type":"notification","can_delete":true,"is_open":true,"children":[{"name":"log_id:","node_type":"field","data_type":"hex","value":"109ccbef","editable":false,"index":0},{"name":"log_type:","node_type":"field","data_type":"hex","value":"01","editable":true,"index":1},{"name":"dev_type:","node_type":"field","data_type":"hex","value":"21","editable":true,"index":2},{"name":"dev_id:","node_type":"field","data_type":"hex","value":"00ff0001","editable":true,"index":3},{"name":"event_type:","node_type":"field","data_type":"hex","value":"15","editable":true,"index":4},{"name":"room_id:","node_type":"field","data_type":"hex","value":"01","editable":true,"index":5},{"name":"dev_name:","node_type":"field","data_type":"str","value":"Device","editable":true,"index":6},{"name":"room_name:","node_type":"field","data_type":"str","value":"Room","editable":true,"index":7},{"name":"time:","node_type":"field","data_type":"date","value":"21-04-24 13:10:13","editable":true,"index":8},{"name":"additional:","node_type":"field","data_type":"hex","value":"","editable":true,"index":9}]},{"name":"109ccbee","node_type":"minus","id":"","id_editable":false,"type":" 21-04-24 13:09:59 ","obj_type":"notification","can_delete":true,"is_open":true,"children":[{"name":"log_id:","node_type":"field","data_type":"hex","value":"109ccbee","editable":false,"index":0},{"name":"log_type:","node_type":"field","data_type":"hex","value":"01","editable":true,"index":1},{"name":"dev_type:","node_type":"field","data_type":"hex","value":"21","editable":true,"index":2},{"name":"dev_id:","node_type":"field","data_type":"hex","value":"00ff0001","editable":true,"index":3},{"name":"event_type:","node_type":"field","data_type":"hex","value":"13","editable":true,"index":4},{"name":"room_id:","node_type":"field","data_type":"hex","value":"01","editable":true,"index":5},{"name":"dev_name:","node_type":"field","data_type":"str","value":"Device","editable":true,"index":6},{"name":"room_name:","node_type":"field","data_type":"str","value":"Room","editable":true,"index":7},{"name":"time:","node_type":"field","data_type":"date","value":"21-04-24 13:09:59","editable":true,"index":8},{"name":"additional:","node_type":"field","data_type":"hex","value":"","editable":true,"index":9}]},{"name":"109ccbed","node_type":"minus","id":"","id_editable":false,"type":" 21-04-24 13:09:46 ","obj_type":"notification","can_delete":true,"is_open":true,"children":[{"name":"log_id:","node_type":"field","data_type":"hex","value":"109ccbed","editable":false,"index":0},{"name":"log_type:","node_type":"field","data_type":"hex","value":"01","editable":true,"index":1},{"name":"dev_type:","node_type":"field","data_type":"hex","value":"21","editable":true,"index":2},{"name":"dev_id:","node_type":"field","data_type":"hex","value":"00ff0001","editable":true,"index":3},{"name":"event_type:","node_type":"field","data_type":"hex","value":"12","editable":true,"index":4},{"name":"room_id:","node_type":"field","data_type":"hex","value":"01","editable":true,"index":5},{"name":"dev_name:","node_type":"field","data_type":"str","value":"Device","editable":true,"index":6},{"name":"room_name:","node_type":"field","data_type":"str","value":"Room","editable":true,"index":7},{"name":"time:","node_type":"field","data_type":"date","value":"21-04-24 13:09:46","editable":true,"index":8},{"name":"additional:","node_type":"field","data_type":"hex","value":"","editable":true,"index":9}]},{"name":"109ccbec","node_type":"minus","id":"","id_editable":false,"type":" 21-04-24 13:09:35 ","obj_type":"notification","can_delete":true,"is_open":true,"children":[{"name":"log_id:","node_type":"field","data_type":"hex","value":"109ccbec","editable":false,"index":0},{"name":"log_type:","node_type":"field","data_type":"hex","value":"07","editable":true,"index":1},{"name":"dev_type:","node_type":"field","data_type":"hex","value":"21","editable":true,"index":2},{"name":"dev_id:","node_type":"field","data_type":"hex","value":"00ff0001","editable":true,"index":3},{"name":"event_type:","node_type":"field","data_type":"hex","value":"11","editable":true,"index":4},{"name":"room_id:","node_type":"field","data_type":"hex","value":"01","editable":true,"index":5},{"name":"dev_name:","node_type":"field","data_type":"str","value":"Device","editable":true,"index":6},{"name":"room_name:","node_type":"field","data_type":"str","value":"Room","editable":true,"index":7},{"name":"time:","node_type":"field","data_type":"date","value":"21-04-24 13:09:35","editable":true,"index":8},{"name":"additional:","node_type":"field","data_type":"hex","value":"","editable":true,"index":9}]},{"name":"109ccbeb","node_type":"minus","id":"","id_editable":false,"type":" 21-04-24 13:09:24 ","obj_type":"notification","can_delete":true,"is_open":true,"children":[{"name":"log_id:","node_type":"field","data_type":"hex","value":"109ccbeb","editable":false,"index":0},{"name":"log_type:","node_type":"field","data_type":"hex","value":"07","editable":true,"index":1},{"name":"dev_type:","node_type":"field","data_type":"hex","value":"21","editable":true,"index":2},{"name":"dev_id:","node_type":"field","data_type":"hex","value":"00ff0001","editable":true,"index":3},{"name":"event_type:","node_type":"field","data_type":"hex","value":"10","editable":true,"index":4},{"name":"room_id:","node_type":"field","data_type":"hex","value":"01","editable":true,"index":5},{"name":"dev_name:","node_type":"field","data_type":"str","value":"Device","editable":true,"index":6},{"name":"room_name:","node_type":"field","data_type":"str","value":"Room","editable":true,"index":7},{"name":"time:","node_type":"field","data_type":"date","value":"21-04-24 13:09:24","editable":true,"index":8},{"name":"additional:","node_type":"field","data_type":"hex","value":"","editable":true,"index":9}]},{"name":"109ccbea","node_type":"minus","id":"","id_editable":false,"type":" 21-04-24 13:09:13 ","obj_type":"notification","can_delete":true,"is_open":true,"children":[{"name":"log_id:","node_type":"field","data_type":"hex","value":"109ccbea","editable":false,"index":0},{"name":"log_type:","node_type":"field","data_type":"hex","value":"07","editable":true,"index":1},{"name":"dev_type:","node_type":"field","data_type":"hex","value":"21","editable":true,"index":2},{"name":"dev_id:","node_type":"field","data_type":"hex","value":"00ff0001","editable":true,"index":3},{"name":"event_type:","node_type":"field","data_type":"hex","value":"0e","editable":true,"index":4},{"name":"room_id:","node_type":"field","data_type":"hex","value":"01","editable":true,"index":5},{"name":"dev_name:","node_type":"field","data_type":"str","value":"Device","editable":true,"index":6},{"name":"room_name:","node_type":"field","data_type":"str","value":"Room","editable":true,"index":7},{"name":"time:","node_type":"field","data_type":"date","value":"21-04-24 13:09:13","editable":true,"index":8},{"name":"additional:","node_type":"field","data_type":"hex","value":"","editable":true,"index":9}]},{"name":"109ccbe9","node_type":"minus","id":"","id_editable":false,"type":" 21-04-24 13:09:02 ","obj_type":"notification","can_delete":true,"is_open":true,"children":[{"name":"log_id:","node_type":"field","data_type":"hex","value":"109ccbe9","editable":false,"index":0},{"name":"log_type:","node_type":"field","data_type":"hex","value":"07","editable":true,"index":1},{"name":"dev_type:","node_type":"field","data_type":"hex","value":"21","editable":true,"index":2},{"name":"dev_id:","node_type":"field","data_type":"hex","value":"00ff0001","editable":true,"index":3},{"name":"event_type:","node_type":"field","data_type":"hex","value":"0d","editable":true,"index":4},{"name":"room_id:","node_type":"field","data_type":"hex","value":"01","editable":true,"index":5},{"name":"dev_name:","node_type":"field","data_type":"str","value":"Device","editable":true,"index":6},{"name":"room_name:","node_type":"field","data_type":"str","value":"Room","editable":true,"index":7},{"name":"time:","node_type":"field","data_type":"date","value":"21-04-24 13:09:02","editable":true,"index":8},{"name":"additional:","node_type":"field","data_type":"hex","value":"","editable":true,"index":9}]},{"name":"109ccbe8","node_type":"minus","id":"","id_editable":false,"type":" 21-04-24 13:08:51 ","obj_type":"notification","can_delete":true,"is_open":true,"children":[{"name":"log_id:","node_type":"field","data_type":"hex","value":"109ccbe8","editable":false,"index":0},{"name":"log_type:","node_type":"field","data_type":"hex","value":"07","editable":true,"index":1},{"name":"dev_type:","node_type":"field","data_type":"hex","value":"21","editable":true,"index":2},{"name":"dev_id:","node_type":"field","data_type":"hex","value":"00ff0001","editable":true,"index":3},{"name":"event_type:","node_type":"field","data_type":"hex","value":"0c","editable":true,"index":4},{"name":"room_id:","node_type":"field","data_type":"hex","value":"01","editable":true,"index":5},{"name":"dev_name:","node_type":"field","data_type":"str","value":"Device","editable":true,"index":6},{"name":"room_name:","node_type":"field","data_type":"str","value":"Room","editable":true,"index":7},{"name":"time:","node_type":"field","data_type":"date","value":"21-04-24 13:08:51","editable":true,"index":8},{"name":"additional:","node_type":"field","data_type":"hex","value":"","editable":true,"index":9}]},{"name":"109ccbe7","node_type":"minus","id":"","id_editable":false,"type":" 21-04-24 13:08:33 ","obj_type":"notification","can_delete":true,"is_open":true,"children":[{"name":"log_id:","node_type":"field","data_type":"hex","value":"109ccbe7","editable":false,"index":0},{"name":"log_type:","node_type":"field","data_type":"hex","value":"04","editable":true,"index":1},{"name":"dev_type:","node_type":"field","data_type":"hex","value":"21","editable":true,"index":2},{"name":"dev_id:","node_type":"field","data_type":"hex","value":"00ff0001","editable":true,"index":3},{"name":"event_type:","node_type":"field","data_type":"hex","value":"0b","editable":true,"index":4},{"name":"room_id:","node_type":"field","data_type":"hex","value":"01","editable":true,"index":5},{"name":"dev_name:","node_type":"field","data_type":"str","value":"Device","editable":true,"index":6},{"name":"room_name:","node_type":"field","data_type":"str","value":"Room","editable":true,"index":7},{"name":"time:","node_type":"field","data_type":"date","value":"21-04-24 13:08:33","editable":true,"index":8},{"name":"additional:","node_type":"field","data_type":"hex","value":"","editable":true,"index":9}]},{"name":"109ccbe6","node_type":"minus","id":"","id_editable":false,"type":" 21-04-24 13:08:20 ","obj_type":"notification","can_delete":true,"is_open":true,"children":[{"name":"log_id:","node_type":"field","data_type":"hex","value":"109ccbe6","editable":false,"index":0},{"name":"log_type:","node_type":"field","data_type":"hex","value":"00","editable":true,"index":1},{"name":"dev_type:","node_type":"field","data_type":"hex","value":"21","editable":true,"index":2},{"name":"dev_id:","node_type":"field","data_type":"hex","value":"00ff0001","editable":true,"index":3},{"name":"event_type:","node_type":"field","data_type":"hex","value":"0a","editable":true,"index":4},{"name":"room_id:","node_type":"field","data_type":"hex","value":"01","editable":true,"index":5},{"name":"dev_name:","node_type":"field","data_type":"str","value":"Device","editable":true,"index":6},{"name":"room_name:","node_type":"field","data_type":"str","value":"Room","editable":true,"index":7},{"name":"time:","node_type":"field","data_type":"date","value":"21-04-24 13:08:20","editable":true,"index":8},{"name":"additional:","node_type":"field","data_type":"hex","value":"","editable":true,"index":9}]},{"name":"109ccbe5","node_type":"minus","id":"","id_editable":false,"type":" 21-04-24 13:08:09 ","obj_type":"notification","can_delete":true,"is_open":true,"children":[{"name":"log_id:","node_type":"field","data_type":"hex","value":"109ccbe5","editable":false,"index":0},{"name":"log_type:","node_type":"field","data_type":"hex","value":"07","editable":true,"index":1},{"name":"dev_type:","node_type":"field","data_type":"hex","value":"21","editable":true,"index":2},{"name":"dev_id:","node_type":"field","data_type":"hex","value":"00ff0001","editable":true,"index":3},{"name":"event_type:","node_type":"field","data_type":"hex","value":"09","editable":true,"index":4},{"name":"room_id:","node_type":"field","data_type":"hex","value":"01","editable":true,"index":5},{"name":"dev_name:","node_type":"field","data_type":"str","value":"Device","editable":true,"index":6},{"name":"room_name:","node_type":"field","data_type":"str","value":"Room","editable":true,"index":7},{"name":"time:","node_type":"field","data_type":"date","value":"21-04-24 13:08:09","editable":true,"index":8},{"name":"additional:","node_type":"field","data_type":"hex","value":"","editable":true,"index":9}]},{"name":"109ccbe4","node_type":"minus","id":"","id_editable":false,"type":" 21-04-24 13:08:00 ","obj_type":"notification","can_delete":true,"is_open":true,"children":[{"name":"log_id:","node_type":"field","data_type":"hex","value":"109ccbe4","editable":false,"index":0},{"name":"log_type:","node_type":"field","data_type":"hex","value":"01","editable":true,"index":1},{"name":"dev_type:","node_type":"field","data_type":"hex","value":"21","editable":true,"index":2},{"name":"dev_id:","node_type":"field","data_type":"hex","value":"00ff0001","editable":true,"index":3},{"name":"event_type:","node_type":"field","data_type":"hex","value":"08","editable":true,"index":4},{"name":"room_id:","node_type":"field","data_type":"hex","value":"01","editable":true,"index":5},{"name":"dev_name:","node_type":"field","data_type":"str","value":"Device","editable":true,"index":6},{"name":"room_name:","node_type":"field","data_type":"str","value":"Room","editable":true,"index":7},{"name":"time:","node_type":"field","data_type":"date","value":"21-04-24 13:08:00","editable":true,"index":8},{"name":"additional:","node_type":"field","data_type":"hex","value":"","editable":true,"index":9}]},{"name":"109ccbe3","node_type":"minus","id":"","id_editable":false,"type":" 21-04-24 13:07:49 ","obj_type":"notification","can_delete":true,"is_open":true,"children":[{"name":"log_id:","node_type":"field","data_type":"hex","value":"109ccbe3","editable":false,"index":0},{"name":"log_type:","node_type":"field","data_type":"hex","value":"07","editable":true,"index":1},{"name":"dev_type:","node_type":"field","data_type":"hex","value":"21","editable":true,"index":2},{"name":"dev_id:","node_type":"field","data_type":"hex","value":"00ff0001","editable":true,"index":3},{"name":"event_type:","node_type":"field","data_type":"hex","value":"07","editable":true,"index":4},{"name":"room_id:","node_type":"field","data_type":"hex","value":"01","editable":true,"index":5},{"name":"dev_name:","node_type":"field","data_type":"str","value":"Device","editable":true,"index":6},{"name":"room_name:","node_type":"field","data_type":"str","value":"Room","editable":true,"index":7},{"name":"time:","node_type":"field","data_type":"date","value":"21-04-24 13:07:49","editable":true,"index":8},{"name":"additional:","node_type":"field","data_type":"hex","value":"","editable":true,"index":9}]},{"name":"109ccbe2","node_type":"minus","id":"","id_editable":false,"type":" 21-04-24 13:07:35 ","obj_type":"notification","can_delete":true,"is_open":true,"children":[{"name":"log_id:","node_type":"field","data_type":"hex","value":"109ccbe2","editable":false,"index":0},{"name":"log_type:","node_type":"field","data_type":"hex","value":"01","editable":true,"index":1},{"name":"dev_type:","node_type":"field","data_type":"hex","value":"21","editable":true,"index":2},{"name":"dev_id:","node_type":"field","data_type":"hex","value":"00ff0001","editable":true,"index":3},{"name":"event_type:","node_type":"field","data_type":"hex","value":"06","editable":true,"index":4},{"name":"room_id:","node_type":"field","data_type":"hex","value":"01","editable":true,"index":5},{"name":"dev_name:","node_type":"field","data_type":"str","value":"Device","editable":true,"index":6},{"name":"room_name:","node_type":"field","data_type":"str","value":"Room","editable":true,"index":7},{"name":"time:","node_type":"field","data_type":"date","value":"21-04-24 13:07:35","editable":true,"index":8},{"name":"additional:","node_type":"field","data_type":"hex","value":"","editable":true,"index":9}]},{"name":"109ccbe1","node_type":"minus","id":"","id_editable":false,"type":" 21-04-24 13:07:22 ","obj_type":"notification","can_delete":true,"is_open":true,"children":[{"name":"log_id:","node_type":"field","data_type":"hex","value":"109ccbe1","editable":false,"index":0},{"name":"log_type:","node_type":"field","data_type":"hex","value":"07","editable":true,"index":1},{"name":"dev_type:","node_type":"field","data_type":"hex","value":"21","editable":true,"index":2},{"name":"dev_id:","node_type":"field","data_type":"hex","value":"00ff0001","editable":true,"index":3},{"name":"event_type:","node_type":"field","data_type":"hex","value":"05","editable":true,"index":4},{"name":"room_id:","node_type":"field","data_type":"hex","value":"01","editable":true,"index":5},{"name":"dev_name:","node_type":"field","data_type":"str","value":"Device","editable":true,"index":6},{"name":"room_name:","node_type":"field","data_type":"str","value":"Room","editable":true,"index":7},{"name":"time:","node_type":"field","data_type":"date","value":"21-04-24 13:07:22","editable":true,"index":8},{"name":"additional:","node_type":"field","data_type":"hex","value":"","editable":true,"index":9}]},{"name":"109ccbe0","node_type":"minus","id":"","id_editable":false,"type":" 21-04-24 13:07:12 ","obj_type":"notification","can_delete":true,"is_open":true,"children":[{"name":"log_id:","node_type":"field","data_type":"hex","value":"109ccbe0","editable":false,"index":0},{"name":"log_type:","node_type":"field","data_type":"hex","value":"01","editable":true,"index":1},{"name":"dev_type:","node_type":"field","data_type":"hex","value":"21","editable":true,"index":2},{"name":"dev_id:","node_type":"field","data_type":"hex","value":"00ff0001","editable":true,"index":3},{"name":"event_type:","node_type":"field","data_type":"hex","value":"04","editable":true,"index":4},{"name":"room_id:","node_type":"field","data_type":"hex","value":"01","editable":true,"index":5},{"name":"dev_name:","node_type":"field","data_type":"str","value":"Device","editable":true,"index":6},{"name":"room_name:","node_type":"field","data_type":"str","value":"Room","editable":true,"index":7},{"name":"time:","node_type":"field","data_type":"date","value":"21-04-24 13:07:12","editable":true,"index":8},{"name":"additional:","node_type":"field","data_type":"hex","value":"","editable":true,"index":9}]},{"name":"109ccbdf","node_type":"minus","id":"","id_editable":false,"type":" 21-04-24 13:07:01 ","obj_type":"notification","can_delete":true,"is_open":true,"children":[{"name":"log_id:","node_type":"field","data_type":"hex","value":"109ccbdf","editable":false,"index":0},{"name":"log_type:","node_type":"field","data_type":"hex","value":"07","editable":true,"index":1},{"name":"dev_type:","node_type":"field","data_type":"hex","value":"21","editable":true,"index":2},{"name":"dev_id:","node_type":"field","data_type":"hex","value":"00ff0001","editable":true,"index":3},{"name":"event_type:","node_type":"field","data_type":"hex","value":"03","editable":true,"index":4},{"name":"room_id:","node_type":"field","data_type":"hex","value":"01","editable":true,"index":5},{"name":"dev_name:","node_type":"field","data_type":"str","value":"Device","editable":true,"index":6},{"name":"room_name:","node_type":"field","data_type":"str","value":"Room","editable":true,"index":7},{"name":"time:","node_type":"field","data_type":"date","value":"21-04-24 13:07:01","editable":true,"index":8},{"name":"additional:","node_type":"field","data_type":"hex","value":"","editable":true,"index":9}]},{"name":"109ccbde","node_type":"minus","id":"","id_editable":false,"type":" 21-04-24 13:06:47 ","obj_type":"notification","can_delete":true,"is_open":true,"children":[{"name":"log_id:","node_type":"field","data_type":"hex","value":"109ccbde","editable":false,"index":0},{"name":"log_type:","node_type":"field","data_type":"hex","value":"01","editable":true,"index":1},{"name":"dev_type:","node_type":"field","data_type":"hex","value":"21","editable":true,"index":2},{"name":"dev_id:","node_type":"field","data_type":"hex","value":"00ff0001","editable":true,"index":3},{"name":"event_type:","node_type":"field","data_type":"hex","value":"02","editable":true,"index":4},{"name":"room_id:","node_type":"field","data_type":"hex","value":"01","editable":true,"index":5},{"name":"dev_name:","node_type":"field","data_type":"str","value":"Device","editable":true,"index":6},{"name":"room_name:","node_type":"field","data_type":"str","value":"Room","editable":true,"index":7},{"name":"time:","node_type":"field","data_type":"date","value":"21-04-24 13:06:47","editable":true,"index":8},{"name":"additional:","node_type":"field","data_type":"hex","value":"","editable":true,"index":9}]},{"name":"109ccbdd","node_type":"minus","id":"","id_editable":false,"type":" 21-04-24 13:06:37 ","obj_type":"notification","can_delete":true,"is_open":true,"children":[{"name":"log_id:","node_type":"field","data_type":"hex","value":"109ccbdd","editable":false,"index":0},{"name":"log_type:","node_type":"field","data_type":"hex","value":"07","editable":true,"index":1},{"name":"dev_type:","node_type":"field","data_type":"hex","value":"21","editable":true,"index":2},{"name":"dev_id:","node_type":"field","data_type":"hex","value":"00ff0001","editable":true,"index":3},{"name":"event_type:","node_type":"field","data_type":"hex","value":"01","editable":true,"index":4},{"name":"room_id:","node_type":"field","data_type":"hex","value":"01","editable":true,"index":5},{"name":"dev_name:","node_type":"field","data_type":"str","value":"Device","editable":true,"index":6},{"name":"room_name:","node_type":"field","data_type":"str","value":"Room","editable":true,"index":7},{"name":"time:","node_type":"field","data_type":"date","value":"21-04-24 13:06:37","editable":true,"index":8},{"name":"additional:","node_type":"field","data_type":"hex","value":"","editable":true,"index":9}]},{"name":"109ccbdc","node_type":"minus","id":"","id_editable":false,"type":" 21-04-24 13:04:37 ","obj_type":"notification","can_delete":true,"is_open":true,"children":[{"name":"log_id:","node_type":"field","data_type":"hex","value":"109ccbdc","editable":false,"index":0},{"name":"log_type:","node_type":"field","data_type":"hex","value":"01","editable":true,"index":1},{"name":"dev_type:","node_type":"field","data_type":"hex","value":"21","editable":true,"index":2},{"name":"dev_id:","node_type":"field","data_type":"hex","value":"00ff0001","editable":true,"index":3},{"name":"event_type:","node_type":"field","data_type":"hex","value":"00","editable":true,"index":4},{"name":"room_id:","node_type":"field","data_type":"hex","value":"01","editable":true,"index":5},{"name":"dev_name:","node_type":"field","data_type":"str","value":"Device","editable":true,"index":6},{"name":"room_name:","node_type":"field","data_type":"str","value":"Room","editable":true,"index":7},{"name":"time:","node_type":"field","data_type":"date","value":"21-04-24 13:04:37","editable":true,"index":8},{"name":"additional:","node_type":"field","data_type":"hex","value":"","editable":true,"index":9}]}]},{"name":"00","node_type":"param","data_type":"hex","value":"46414b4520485542"},{"name":"01","node_type":"param","data_type":"hex","value":"0064"},{"name":"03","node_type":"param","data_type":"hex","value":"01"},{"name":"04","node_type":"param","data_type":"hex","value":"0003"},{"name":"06","node_type":"param","data_type":"hex","value":"00"},{"name":"07","node_type":"param","data_type":"hex","value":"01"},{"name":"08","node_type":"param","data_type":"hex","value":"00"},{"name":"10","node_type":"param","data_type":"hex","value":"01"},{"name":"23","node_type":"param","data_type":"hex","value":"05050505"},{"name":"24","node_type":"param","data_type":"hex","value":"05050505"},{"name":"25","node_type":"param","data_type":"hex","value":"05050505"},{"name":"26","node_type":"param","data_type":"hex","value":"05050505"},{"name":"34","node_type":"param","data_type":"hex","value":"0064"},{"name":"37","node_type":"param","data_type":"hex","value":"00033838"},{"name":"41","node_type":"param","data_type":"hex","value":"0096"},{"name":"48","node_type":"param","data_type":"hex","value":"07"},{"name":"49","node_type":"param","data_type":"hex","value":"01"},{"name":"4a","node_type":"param","data_type":"hex","value":"01"},{"name":"4b","node_type":"param","data_type":"hex","value":"01"},{"name":"4c","node_type":"param","data_type":"hex","value":"01"},{"name":"4f","node_type":"param","data_type":"hex","value":"0064"},{"name":"50","node_type":"param","data_type":"hex","value":"11111111"},{"name":"5f","node_type":"param","data_type":"hex","value":"00"},{"name":"73","node_type":"param","data_type":"hex","value":"01"},{"name":"75","node_type":"param","data_type":"hex","value":"06"},{"name":"7a","node_type":"param","data_type":"hex","value":"02"},{"name":"7e","node_type":"param","data_type":"hex","value":"01"},{"name":"87","node_type":"param","data_type":"hex","value":"333830363338363838383736"},{"name":"88","node_type":"param","data_type":"hex","value":"333830363338363838383736"},{"name":"89","node_type":"param","data_type":"hex","value":"00"},{"name":"aa","node_type":"param","data_type":"hex","value":"0064"},{"name":"12","value":"03","node_type":"param","data_type":"hex"},{"name":"62","value":"01","node_type":"param","data_type":"hex"},{"name":"72","value":"01","node_type":"param","data_type":"hex"}]},{"name":"Misha","node_type":"minus","id":"66600666","id_editable":false,"type":"22","obj_type":"logged_user","can_delete":false,"children":[{"name":"01","node_type":"param","data_type":"hex","value":"4d69736861"},{"name":"02","node_type":"param","data_type":"hex","value":"6b6f7a6c69756b2e6d40616a61782e73797374656d73"},{"name":"03","node_type":"param","data_type":"hex","value":"2b333830393339333738323436"},{"name":"09","node_type":"param","data_type":"hex","value":"07"},{"name":"0a","node_type":"param","data_type":"hex","value":"03"},{"name":"0b","node_type":"param","data_type":"hex","value":"03"},{"name":"0f","node_type":"param","data_type":"hex","value":"01f5"},{"name":"10","node_type":"param","data_type":"hex","value":"03"},{"name":"14","node_type":"param","data_type":"hex","value":"ffffffff"},{"name":"15","node_type":"param","data_type":"hex","value":"01"},{"name":"19","node_type":"param","data_type":"hex","value":"ffffffffffffffff"},{"name":"1a","node_type":"param","data_type":"hex","value":"ffffffffffffffff"},{"name":"21","node_type":"param","data_type":"hex","value":"00000000"}]}]}]