[{"name":".","node_type":"add_hub","is_open":true,"children":[{"name":"No name","node_type":"minus","id":"00000001","type":"21","obj_type":"hub","can_delete":true,"is_open":true,"children":[{"name":"rooms","node_type":"add","obj_type":"rooms","children":[{"name":"fake room","node_type":"minus","id":"00000001","id_editable":false,"type":"24","obj_type":"room","can_delete":true,"children":[{"name":"00","node_type":"param","data_type":"hex","value":"66616b6520726f6f6d"}]}]},{"name":"groups","node_type":"add","obj_type":"groups","children":[{"name":"fake group","node_type":"minus","id":"00000001","id_editable":false,"type":"23","obj_type":"group","can_delete":true,"children":[{"name":"02","node_type":"param","data_type":"hex","value":"66616b652067726f7570"},{"name":"04","node_type":"param","data_type":"hex","value":"01"},{"name":"05","node_type":"param","data_type":"hex","value":"01"},{"name":"06","node_type":"param","data_type":"hex","value":"00"}]}]},{"name":"devices","node_type":"add","obj_type":"devices","children":[{"name":"111001611","node_type":"minus","id":"00111111","id_editable":true,"type":"61","type_editable":true,"obj_type":"device","can_delete":true,"children":[{"name":"02","node_type":"param","data_type":"hex","value":"f6"},{"name":"03","node_type":"param","data_type":"hex","value":"01"},{"name":"04","node_type":"param","data_type":"hex","value":"00"},{"name":"05","node_type":"param","data_type":"hex","value":"0032"},{"name":"06","node_type":"param","data_type":"hex","value":"0006f158"},{"name":"09","node_type":"param","data_type":"hex","value":"313131303031363131"},{"name":"0a","node_type":"param","data_type":"hex","value":"01"},{"name":"0b","node_type":"param","data_type":"hex","value":"01"},{"name":"26","node_type":"param","data_type":"hex","value":"01"},{"name":"27","node_type":"param","data_type":"hex","value":"01"},{"name":"50","node_type":"param","data_type":"hex","value":"01"},{"name":"b0","node_type":"param","data_type":"hex","value":"05370000"}]}]},{"name":"users","node_type":"add","obj_type":"users","children":[{"name":"Misha","node_type":"minus","id":"66600666","id_editable":false,"type":"22","obj_type":"user","can_delete":false,"children":[{"name":"01","node_type":"param","data_type":"hex","value":"4d69736861"},{"name":"02","node_type":"param","data_type":"hex","value":"6b6f7a6c69756b2e6d40616a61782e73797374656d73"},{"name":"03","node_type":"param","data_type":"hex","value":"2b333830393339333738323436"},{"name":"09","node_type":"param","data_type":"hex","value":"07"},{"name":"0a","node_type":"param","data_type":"hex","value":"03"},{"name":"0b","node_type":"param","data_type":"hex","value":"03"},{"name":"0f","node_type":"param","data_type":"hex","value":"01f5"},{"name":"10","node_type":"param","data_type":"hex","value":"03"},{"name":"14","node_type":"param","data_type":"hex","value":"ffffffff"},{"name":"15","node_type":"param","data_type":"hex","value":"01"},{"name":"19","node_type":"param","data_type":"hex","value":"ffffffffffffffff"},{"name":"1a","node_type":"param","data_type":"hex","value":"ffffffffffffffff"},{"name":"21","node_type":"param","data_type":"hex","value":"00000000"}]}]},{"name":"cards","node_type":"add","obj_type":"cards"},{"name":"billing_companies","node_type":"add","obj_type":"billing_companies"},{"name":"notifications","node_type":"add","obj_type":"notifications","is_open":true,"children":[{"name":"b01413bb","node_type":"minus","id":"","id_editable":false,"type":" 21-04-23 15:02:19 ","obj_type":"notification","can_delete":true,"is_open":true,"children":[{"name":"log_id:","node_type":"field","data_type":"hex","value":"b01413bb","editable":false,"index":0},{"name":"log_type:","node_type":"field","data_type":"hex","value":"07","editable":true,"index":1},{"name":"dev_type:","node_type":"field","data_type":"hex","value":"26","editable":true,"index":2},{"name":"dev_id:","node_type":"field","data_type":"hex","value":"00ff0001","editable":true,"index":3},{"name":"event_type:","node_type":"field","data_type":"hex","value":"14","editable":true,"index":4},{"name":"room_id:","node_type":"field","data_type":"hex","value":"01","editable":true,"index":5},{"name":"dev_name:","node_type":"field","data_type":"str","value":"Device","editable":true,"index":6},{"name":"room_name:","node_type":"field","data_type":"str","value":"Room","editable":true,"index":7},{"name":"time:","node_type":"field","data_type":"date","value":"21-04-23 15:02:19","editable":true,"index":8},{"name":"additional:","node_type":"field","data_type":"hex","value":"","editable":true,"index":9}]},{"name":"b01413ba","node_type":"minus","id":"","id_editable":false,"type":" 21-04-23 15:02:02 ","obj_type":"notification","can_delete":true,"is_open":true,"children":[{"name":"log_id:","node_type":"field","data_type":"hex","value":"b01413ba","editable":false,"index":0},{"name":"log_type:","node_type":"field","data_type":"hex","value":"01","editable":true,"index":1},{"name":"dev_type:","node_type":"field","data_type":"hex","value":"26","editable":true,"index":2},{"name":"dev_id:","node_type":"field","data_type":"hex","value":"00ff0001","editable":true,"index":3},{"name":"event_type:","node_type":"field","data_type":"hex","value":"0f","editable":true,"index":4},{"name":"room_id:","node_type":"field","data_type":"hex","value":"01","editable":true,"index":5},{"name":"dev_name:","node_type":"field","data_type":"str","value":"Device","editable":true,"index":6},{"name":"room_name:","node_type":"field","data_type":"str","value":"Room","editable":true,"index":7},{"name":"time:","node_type":"field","data_type":"date","value":"21-04-23 15:02:02","editable":true,"index":8},{"name":"additional:","node_type":"field","data_type":"hex","value":"","editable":true,"index":9}]},{"name":"b01413b9","node_type":"minus","id":"","id_editable":false,"type":" 21-04-23 14:59:47 ","obj_type":"notification","can_delete":true,"is_open":true,"children":[{"name":"log_id:","node_type":"field","data_type":"hex","value":"b01413b9","editable":false,"index":0},{"name":"log_type:","node_type":"field","data_type":"hex","value":"01","editable":true,"index":1},{"name":"dev_type:","node_type":"field","data_type":"hex","value":"26","editable":true,"index":2},{"name":"dev_id:","node_type":"field","data_type":"hex","value":"00ff0001","editable":true,"index":3},{"name":"event_type:","node_type":"field","data_type":"hex","value":"0e","editable":true,"index":4},{"name":"room_id:","node_type":"field","data_type":"hex","value":"01","editable":true,"index":5},{"name":"dev_name:","node_type":"field","data_type":"str","value":"Device","editable":true,"index":6},{"name":"room_name:","node_type":"field","data_type":"str","value":"Room","editable":true,"index":7},{"name":"time:","node_type":"field","data_type":"date","value":"21-04-23 14:59:47","editable":true,"index":8},{"name":"additional:","node_type":"field","data_type":"hex","value":"","editable":true,"index":9}]},{"name":"b01413b8","node_type":"minus","id":"","id_editable":false,"type":" 21-04-23 14:59:34 ","obj_type":"notification","can_delete":true,"is_open":true,"children":[{"name":"log_id:","node_type":"field","data_type":"hex","value":"b01413b8","editable":false,"index":0},{"name":"log_type:","node_type":"field","data_type":"hex","value":"07","editable":true,"index":1},{"name":"dev_type:","node_type":"field","data_type":"hex","value":"26","editable":true,"index":2},{"name":"dev_id:","node_type":"field","data_type":"hex","value":"00ff0001","editable":true,"index":3},{"name":"event_type:","node_type":"field","data_type":"hex","value":"0b","editable":true,"index":4},{"name":"room_id:","node_type":"field","data_type":"hex","value":"01","editable":true,"index":5},{"name":"dev_name:","node_type":"field","data_type":"str","value":"Device","editable":true,"index":6},{"name":"room_name:","node_type":"field","data_type":"str","value":"Room","editable":true,"index":7},{"name":"time:","node_type":"field","data_type":"date","value":"21-04-23 14:59:34","editable":true,"index":8},{"name":"additional:","node_type":"field","data_type":"hex","value":"","editable":true,"index":9}]},{"name":"b01413b7","node_type":"minus","id":"","id_editable":false,"type":" 21-04-23 14:59:20 ","obj_type":"notification","can_delete":true,"is_open":true,"children":[{"name":"log_id:","node_type":"field","data_type":"hex","value":"b01413b7","editable":false,"index":0},{"name":"log_type:","node_type":"field","data_type":"hex","value":"01","editable":true,"index":1},{"name":"dev_type:","node_type":"field","data_type":"hex","value":"26","editable":true,"index":2},{"name":"dev_id:","node_type":"field","data_type":"hex","value":"00ff0001","editable":true,"index":3},{"name":"event_type:","node_type":"field","data_type":"hex","value":"0a","editable":true,"index":4},{"name":"room_id:","node_type":"field","data_type":"hex","value":"01","editable":true,"index":5},{"name":"dev_name:","node_type":"field","data_type":"str","value":"Device","editable":true,"index":6},{"name":"room_name:","node_type":"field","data_type":"str","value":"Room","editable":true,"index":7},{"name":"time:","node_type":"field","data_type":"date","value":"21-04-23 14:59:20","editable":true,"index":8},{"name":"additional:","node_type":"field","data_type":"hex","value":"","editable":true,"index":9}]},{"name":"b01413b6","node_type":"minus","id":"","id_editable":false,"type":" 21-04-23 14:59:04 ","obj_type":"notification","can_delete":true,"is_open":true,"children":[{"name":"log_id:","node_type":"field","data_type":"hex","value":"b01413b6","editable":false,"index":0},{"name":"log_type:","node_type":"field","data_type":"hex","value":"00","editable":true,"index":1},{"name":"dev_type:","node_type":"field","data_type":"hex","value":"26","editable":true,"index":2},{"name":"dev_id:","node_type":"field","data_type":"hex","value":"00ff0001","editable":true,"index":3},{"name":"event_type:","node_type":"field","data_type":"hex","value":"25","editable":true,"index":4},{"name":"room_id:","node_type":"field","data_type":"hex","value":"01","editable":true,"index":5},{"name":"dev_name:","node_type":"field","data_type":"str","value":"Device","editable":true,"index":6},{"name":"room_name:","node_type":"field","data_type":"str","value":"Room","editable":true,"index":7},{"name":"time:","node_type":"field","data_type":"date","value":"21-04-23 14:59:04","editable":true,"index":8},{"name":"additional:","node_type":"field","data_type":"hex","value":"","editable":true,"index":9}]},{"name":"b01413b5","node_type":"minus","id":"","id_editable":false,"type":" 21-04-23 14:58:39 ","obj_type":"notification","can_delete":true,"is_open":true,"children":[{"name":"log_id:","node_type":"field","data_type":"hex","value":"b01413b5","editable":false,"index":0},{"name":"log_type:","node_type":"field","data_type":"hex","value":"07","editable":true,"index":1},{"name":"dev_type:","node_type":"field","data_type":"hex","value":"26","editable":true,"index":2},{"name":"dev_id:","node_type":"field","data_type":"hex","value":"00ff0001","editable":true,"index":3},{"name":"event_type:","node_type":"field","data_type":"hex","value":"24","editable":true,"index":4},{"name":"room_id:","node_type":"field","data_type":"hex","value":"01","editable":true,"index":5},{"name":"dev_name:","node_type":"field","data_type":"str","value":"Device","editable":true,"index":6},{"name":"room_name:","node_type":"field","data_type":"str","value":"Room","editable":true,"index":7},{"name":"time:","node_type":"field","data_type":"date","value":"21-04-23 14:58:39","editable":true,"index":8},{"name":"additional:","node_type":"field","data_type":"hex","value":"","editable":true,"index":9}]},{"name":"b01413b4","node_type":"minus","id":"","id_editable":false,"type":" 21-04-23 14:58:25 ","obj_type":"notification","can_delete":true,"is_open":true,"children":[{"name":"log_id:","node_type":"field","data_type":"hex","value":"b01413b4","editable":false,"index":0},{"name":"log_type:","node_type":"field","data_type":"hex","value":"00","editable":true,"index":1},{"name":"dev_type:","node_type":"field","data_type":"hex","value":"26","editable":true,"index":2},{"name":"dev_id:","node_type":"field","data_type":"hex","value":"00ff0001","editable":true,"index":3},{"name":"event_type:","node_type":"field","data_type":"hex","value":"23","editable":true,"index":4},{"name":"room_id:","node_type":"field","data_type":"hex","value":"01","editable":true,"index":5},{"name":"dev_name:","node_type":"field","data_type":"str","value":"Device","editable":true,"index":6},{"name":"room_name:","node_type":"field","data_type":"str","value":"Room","editable":true,"index":7},{"name":"time:","node_type":"field","data_type":"date","value":"21-04-23 14:58:25","editable":true,"index":8},{"name":"additional:","node_type":"field","data_type":"hex","value":"","editable":true,"index":9}]},{"name":"b01413b3","node_type":"minus","id":"","id_editable":false,"type":" 21-04-23 14:58:06 ","obj_type":"notification","can_delete":true,"is_open":true,"children":[{"name":"log_id:","node_type":"field","data_type":"hex","value":"b01413b3","editable":false,"index":0},{"name":"log_type:","node_type":"field","data_type":"hex","value":"00","editable":true,"index":1},{"name":"dev_type:","node_type":"field","data_type":"hex","value":"26","editable":true,"index":2},{"name":"dev_id:","node_type":"field","data_type":"hex","value":"00ff0001","editable":true,"index":3},{"name":"event_type:","node_type":"field","data_type":"hex","value":"22","editable":true,"index":4},{"name":"room_id:","node_type":"field","data_type":"hex","value":"01","editable":true,"index":5},{"name":"dev_name:","node_type":"field","data_type":"str","value":"Device","editable":true,"index":6},{"name":"room_name:","node_type":"field","data_type":"str","value":"Room","editable":true,"index":7},{"name":"time:","node_type":"field","data_type":"date","value":"21-04-23 14:58:06","editable":true,"index":8},{"name":"additional:","node_type":"field","data_type":"hex","value":"","editable":true,"index":9}]},{"name":"b01413b2","node_type":"minus","id":"","id_editable":false,"type":" 21-04-23 14:57:54 ","obj_type":"notification","can_delete":true,"is_open":true,"children":[{"name":"log_id:","node_type":"field","data_type":"hex","value":"b01413b2","editable":false,"index":0},{"name":"log_type:","node_type":"field","data_type":"hex","value":"07","editable":true,"index":1},{"name":"dev_type:","node_type":"field","data_type":"hex","value":"26","editable":true,"index":2},{"name":"dev_id:","node_type":"field","data_type":"hex","value":"00ff0001","editable":true,"index":3},{"name":"event_type:","node_type":"field","data_type":"hex","value":"21","editable":true,"index":4},{"name":"room_id:","node_type":"field","data_type":"hex","value":"01","editable":true,"index":5},{"name":"dev_name:","node_type":"field","data_type":"str","value":"Device","editable":true,"index":6},{"name":"room_name:","node_type":"field","data_type":"str","value":"Room","editable":true,"index":7},{"name":"time:","node_type":"field","data_type":"date","value":"21-04-23 14:57:54","editable":true,"index":8},{"name":"additional:","node_type":"field","data_type":"hex","value":"","editable":true,"index":9}]},{"name":"b01413b1","node_type":"minus","id":"","id_editable":false,"type":" 21-04-23 14:57:43 ","obj_type":"notification","can_delete":true,"is_open":true,"children":[{"name":"log_id:","node_type":"field","data_type":"hex","value":"b01413b1","editable":false,"index":0},{"name":"log_type:","node_type":"field","data_type":"hex","value":"00","editable":true,"index":1},{"name":"dev_type:","node_type":"field","data_type":"hex","value":"26","editable":true,"index":2},{"name":"dev_id:","node_type":"field","data_type":"hex","value":"00ff0001","editable":true,"index":3},{"name":"event_type:","node_type":"field","data_type":"hex","value":"20","editable":true,"index":4},{"name":"room_id:","node_type":"field","data_type":"hex","value":"01","editable":true,"index":5},{"name":"dev_name:","node_type":"field","data_type":"str","value":"Device","editable":true,"index":6},{"name":"room_name:","node_type":"field","data_type":"str","value":"Room","editable":true,"index":7},{"name":"time:","node_type":"field","data_type":"date","value":"21-04-23 14:57:43","editable":true,"index":8},{"name":"additional:","node_type":"field","data_type":"hex","value":"","editable":true,"index":9}]},{"name":"b01413b0","node_type":"minus","id":"","id_editable":false,"type":" 21-04-23 14:56:58 ","obj_type":"notification","can_delete":true,"is_open":true,"children":[{"name":"log_id:","node_type":"field","data_type":"hex","value":"b01413b0","editable":false,"index":0},{"name":"log_type:","node_type":"field","data_type":"hex","value":"07","editable":true,"index":1},{"name":"dev_type:","node_type":"field","data_type":"hex","value":"26","editable":true,"index":2},{"name":"dev_id:","node_type":"field","data_type":"hex","value":"00ff0001","editable":true,"index":3},{"name":"event_type:","node_type":"field","data_type":"hex","value":"01","editable":true,"index":4},{"name":"room_id:","node_type":"field","data_type":"hex","value":"01","editable":true,"index":5},{"name":"dev_name:","node_type":"field","data_type":"str","value":"Device","editable":true,"index":6},{"name":"room_name:","node_type":"field","data_type":"str","value":"Room","editable":true,"index":7},{"name":"time:","node_type":"field","data_type":"date","value":"21-04-23 14:56:58","editable":true,"index":8},{"name":"additional:","node_type":"field","data_type":"hex","value":"","editable":true,"index":9}]},{"name":"b01413af","node_type":"minus","id":"","id_editable":false,"type":" 21-04-23 14:56:37 ","obj_type":"notification","can_delete":true,"is_open":true,"children":[{"name":"log_id:","node_type":"field","data_type":"hex","value":"b01413af","editable":false,"index":0},{"name":"log_type:","node_type":"field","data_type":"hex","value":"01","editable":true,"index":1},{"name":"dev_type:","node_type":"field","data_type":"hex","value":"26","editable":true,"index":2},{"name":"dev_id:","node_type":"field","data_type":"hex","value":"00ff0001","editable":true,"index":3},{"name":"event_type:","node_type":"field","data_type":"hex","value":"00","editable":true,"index":4},{"name":"room_id:","node_type":"field","data_type":"hex","value":"01","editable":true,"index":5},{"name":"dev_name:","node_type":"field","data_type":"str","value":"Device","editable":true,"index":6},{"name":"room_name:","node_type":"field","data_type":"str","value":"Room","editable":true,"index":7},{"name":"time:","node_type":"field","data_type":"date","value":"21-04-23 14:56:37","editable":true,"index":8},{"name":"additional:","node_type":"field","data_type":"hex","value":"","editable":true,"index":9}]}]},{"name":"01","node_type":"param","data_type":"hex","value":"0064"},{"name":"07","node_type":"param","data_type":"hex","value":"01"},{"name":"08","node_type":"param","data_type":"hex","value":"00"},{"name":"10","node_type":"param","data_type":"hex","value":"01"},{"name":"14","node_type":"param","data_type":"hex","value":"fc000000"},{"name":"23","node_type":"param","data_type":"hex","value":"05050505"},{"name":"24","node_type":"param","data_type":"hex","value":"05050505"},{"name":"25","node_type":"param","data_type":"hex","value":"05050505"},{"name":"26","node_type":"param","data_type":"hex","value":"05050505"},{"name":"37","node_type":"param","data_type":"hex","value":"00033838"},{"name":"41","node_type":"param","data_type":"hex","value":"0096"},{"name":"49","node_type":"param","data_type":"hex","value":"02"},{"name":"4a","node_type":"param","data_type":"hex","value":"01"},{"name":"4b","node_type":"param","data_type":"hex","value":"01"},{"name":"4c","node_type":"param","data_type":"hex","value":"01"},{"name":"62","node_type":"param","data_type":"hex","value":"01"},{"name":"63","node_type":"param","data_type":"hex","value":"01"},{"name":"64","node_type":"param","data_type":"hex","value":"01"},{"name":"74","node_type":"param","data_type":"hex","value":"00015180"},{"name":"75","node_type":"param","data_type":"hex","value":"08"},{"name":"7e","node_type":"param","data_type":"hex","value":"01"},{"name":"89","node_type":"param","data_type":"hex","value":"00"},{"name":"b8","node_type":"param","data_type":"hex","value":"01"}]},{"name":"Misha","node_type":"minus","id":"66600666","id_editable":false,"type":"22","obj_type":"logged_user","can_delete":false,"children":[{"name":"01","node_type":"param","data_type":"hex","value":"4d69736861"},{"name":"02","node_type":"param","data_type":"hex","value":"6b6f7a6c69756b2e6d40616a61782e73797374656d73"},{"name":"03","node_type":"param","data_type":"hex","value":"2b333830393339333738323436"},{"name":"09","node_type":"param","data_type":"hex","value":"07"},{"name":"0a","node_type":"param","data_type":"hex","value":"03"},{"name":"0b","node_type":"param","data_type":"hex","value":"03"},{"name":"0f","node_type":"param","data_type":"hex","value":"01f5"},{"name":"10","node_type":"param","data_type":"hex","value":"03"},{"name":"14","node_type":"param","data_type":"hex","value":"ffffffff"},{"name":"15","node_type":"param","data_type":"hex","value":"01"},{"name":"19","node_type":"param","data_type":"hex","value":"ffffffffffffffff"},{"name":"1a","node_type":"param","data_type":"hex","value":"ffffffffffffffff"},{"name":"21","node_type":"param","data_type":"hex","value":"00000000"}]}]}]