[{"name":".","node_type":"add_hub","is_open":true,"children":[{"name":"FAKE HUB","node_type":"minus","id":"00000001","type":"21","obj_type":"hub","can_delete":true,"is_open":true,"children":[{"name":"rooms","node_type":"add","obj_type":"rooms","children":[{"name":"fake room","node_type":"minus","id":"00000001","id_editable":false,"type":"24","obj_type":"room","can_delete":true,"children":[{"name":"00","node_type":"param","data_type":"hex","value":"66616b6520726f6f6d"}]}]},{"name":"groups","node_type":"add","obj_type":"groups","children":[{"name":"fake group","node_type":"minus","id":"00000001","id_editable":false,"type":"23","obj_type":"group","can_delete":true,"children":[{"name":"02","node_type":"param","data_type":"hex","value":"66616b652067726f7570"},{"name":"04","node_type":"param","data_type":"hex","value":"01"},{"name":"05","node_type":"param","data_type":"hex","value":"01"},{"name":"06","node_type":"param","data_type":"hex","value":"00"}]}]},{"name":"devices","node_type":"add","obj_type":"devices","children":[{"name":"111001611","node_type":"minus","id":"00111111","id_editable":true,"type":"61","type_editable":true,"obj_type":"device","can_delete":true,"children":[{"name":"02","node_type":"param","data_type":"hex","value":"f6"},{"name":"03","node_type":"param","data_type":"hex","value":"01"},{"name":"04","node_type":"param","data_type":"hex","value":"00"},{"name":"05","node_type":"param","data_type":"hex","value":"0032"},{"name":"06","node_type":"param","data_type":"hex","value":"0006f158"},{"name":"09","node_type":"param","data_type":"hex","value":"313131303031363131"},{"name":"0a","node_type":"param","data_type":"hex","value":"01"},{"name":"0b","node_type":"param","data_type":"hex","value":"01"},{"name":"26","node_type":"param","data_type":"hex","value":"01"},{"name":"27","node_type":"param","data_type":"hex","value":"01"},{"name":"50","node_type":"param","data_type":"hex","value":"01"},{"name":"b0","node_type":"param","data_type":"hex","value":"05370000"}]}]},{"name":"users","node_type":"add","obj_type":"users","children":[{"name":"Misha","node_type":"minus","id":"66600666","id_editable":false,"type":"22","obj_type":"user","can_delete":false,"children":[{"name":"01","node_type":"param","data_type":"hex","value":"4d69736861"},{"name":"02","node_type":"param","data_type":"hex","value":"6b6f7a6c69756b2e6d40616a61782e73797374656d73"},{"name":"03","node_type":"param","data_type":"hex","value":"2b333830393339333738323436"},{"name":"09","node_type":"param","data_type":"hex","value":"07"},{"name":"0a","node_type":"param","data_type":"hex","value":"03"},{"name":"0b","node_type":"param","data_type":"hex","value":"03"},{"name":"0f","node_type":"param","data_type":"hex","value":"01f5"},{"name":"10","node_type":"param","data_type":"hex","value":"03"},{"name":"14","node_type":"param","data_type":"hex","value":"ffffffff"},{"name":"15","node_type":"param","data_type":"hex","value":"01"},{"name":"19","node_type":"param","data_type":"hex","value":"ffffffffffffffff"},{"name":"1a","node_type":"param","data_type":"hex","value":"ffffffffffffffff"},{"name":"21","node_type":"param","data_type":"hex","value":"00000000"}]}]},{"name":"cards","node_type":"add","obj_type":"cards"},{"name":"billing_companies","node_type":"add","obj_type":"billing_companies"},{"name":"notifications","node_type":"add","obj_type":"notifications","is_open":true,"children":[{"name":"b014139c","node_type":"minus","id":"","id_editable":false,"type":" 21-04-23 15:55:06 ","obj_type":"notification","can_delete":true,"is_open":true,"children":[{"name":"log_id:","node_type":"field","data_type":"hex","value":"b014139c","editable":false,"index":0},{"name":"log_type:","node_type":"field","data_type":"hex","value":"09","editable":true,"index":1},{"name":"dev_type:","node_type":"field","data_type":"hex","value":"1e","editable":true,"index":2},{"name":"dev_id:","node_type":"field","data_type":"hex","value":"00ff0001","editable":true,"index":3},{"name":"event_type:","node_type":"field","data_type":"hex","value":"09","editable":true,"index":4},{"name":"room_id:","node_type":"field","data_type":"hex","value":"01","editable":true,"index":5},{"name":"dev_name:","node_type":"field","data_type":"str","value":"Device","editable":true,"index":6},{"name":"room_name:","node_type":"field","data_type":"str","value":"Room","editable":true,"index":7},{"name":"time:","node_type":"field","data_type":"date","value":"21-04-23 15:55:06","editable":true,"index":8},{"name":"additional:","node_type":"field","data_type":"hex","value":"","editable":true,"index":9}]},{"name":"b014139b","node_type":"minus","id":"","id_editable":false,"type":" 21-04-23 15:54:57 ","obj_type":"notification","can_delete":true,"is_open":true,"children":[{"name":"log_id:","node_type":"field","data_type":"hex","value":"b014139b","editable":false,"index":0},{"name":"log_type:","node_type":"field","data_type":"hex","value":"09","editable":true,"index":1},{"name":"dev_type:","node_type":"field","data_type":"hex","value":"1e","editable":true,"index":2},{"name":"dev_id:","node_type":"field","data_type":"hex","value":"00ff0001","editable":true,"index":3},{"name":"event_type:","node_type":"field","data_type":"hex","value":"08","editable":true,"index":4},{"name":"room_id:","node_type":"field","data_type":"hex","value":"01","editable":true,"index":5},{"name":"dev_name:","node_type":"field","data_type":"str","value":"Device","editable":true,"index":6},{"name":"room_name:","node_type":"field","data_type":"str","value":"Room","editable":true,"index":7},{"name":"time:","node_type":"field","data_type":"date","value":"21-04-23 15:54:57","editable":true,"index":8},{"name":"additional:","node_type":"field","data_type":"hex","value":"","editable":true,"index":9}]},{"name":"b014139a","node_type":"minus","id":"","id_editable":false,"type":" 21-04-23 15:54:44 ","obj_type":"notification","can_delete":true,"is_open":true,"children":[{"name":"log_id:","node_type":"field","data_type":"hex","value":"b014139a","editable":false,"index":0},{"name":"log_type:","node_type":"field","data_type":"hex","value":"00","editable":true,"index":1},{"name":"dev_type:","node_type":"field","data_type":"hex","value":"2e","editable":true,"index":2},{"name":"dev_id:","node_type":"field","data_type":"hex","value":"00ff0001","editable":true,"index":3},{"name":"event_type:","node_type":"field","data_type":"hex","value":"37","editable":true,"index":4},{"name":"room_id:","node_type":"field","data_type":"hex","value":"01","editable":true,"index":5},{"name":"dev_name:","node_type":"field","data_type":"str","value":"Device","editable":true,"index":6},{"name":"room_name:","node_type":"field","data_type":"str","value":"Room","editable":true,"index":7},{"name":"time:","node_type":"field","data_type":"date","value":"21-04-23 15:54:44","editable":true,"index":8},{"name":"additional:","node_type":"field","data_type":"hex","value":"","editable":true,"index":9}]},{"name":"b0141399","node_type":"minus","id":"","id_editable":false,"type":" 21-04-23 15:54:27 ","obj_type":"notification","can_delete":true,"is_open":true,"children":[{"name":"log_id:","node_type":"field","data_type":"hex","value":"b0141399","editable":false,"index":0},{"name":"log_type:","node_type":"field","data_type":"hex","value":"07","editable":true,"index":1},{"name":"dev_type:","node_type":"field","data_type":"hex","value":"2e","editable":true,"index":2},{"name":"dev_id:","node_type":"field","data_type":"hex","value":"00ff0001","editable":true,"index":3},{"name":"event_type:","node_type":"field","data_type":"hex","value":"36","editable":true,"index":4},{"name":"room_id:","node_type":"field","data_type":"hex","value":"01","editable":true,"index":5},{"name":"dev_name:","node_type":"field","data_type":"str","value":"Device","editable":true,"index":6},{"name":"room_name:","node_type":"field","data_type":"str","value":"Room","editable":true,"index":7},{"name":"time:","node_type":"field","data_type":"date","value":"21-04-23 15:54:27","editable":true,"index":8},{"name":"additional:","node_type":"field","data_type":"hex","value":"","editable":true,"index":9}]},{"name":"b0141398","node_type":"minus","id":"","id_editable":false,"type":" 21-04-23 15:54:13 ","obj_type":"notification","can_delete":true,"is_open":true,"children":[{"name":"log_id:","node_type":"field","data_type":"hex","value":"b0141398","editable":false,"index":0},{"name":"log_type:","node_type":"field","data_type":"hex","value":"01","editable":true,"index":1},{"name":"dev_type:","node_type":"field","data_type":"hex","value":"2e","editable":true,"index":2},{"name":"dev_id:","node_type":"field","data_type":"hex","value":"00ff0001","editable":true,"index":3},{"name":"event_type:","node_type":"field","data_type":"hex","value":"35","editable":true,"index":4},{"name":"room_id:","node_type":"field","data_type":"hex","value":"01","editable":true,"index":5},{"name":"dev_name:","node_type":"field","data_type":"str","value":"Device","editable":true,"index":6},{"name":"room_name:","node_type":"field","data_type":"str","value":"Room","editable":true,"index":7},{"name":"time:","node_type":"field","data_type":"date","value":"21-04-23 15:54:13","editable":true,"index":8},{"name":"additional:","node_type":"field","data_type":"hex","value":"","editable":true,"index":9}]},{"name":"b0141397","node_type":"minus","id":"","id_editable":false,"type":" 21-04-23 15:53:54 ","obj_type":"notification","can_delete":true,"is_open":true,"children":[{"name":"log_id:","node_type":"field","data_type":"hex","value":"b0141397","editable":false,"index":0},{"name":"log_type:","node_type":"field","data_type":"hex","value":"02","editable":true,"index":1},{"name":"dev_type:","node_type":"field","data_type":"hex","value":"2e","editable":true,"index":2},{"name":"dev_id:","node_type":"field","data_type":"hex","value":"00ff0001","editable":true,"index":3},{"name":"event_type:","node_type":"field","data_type":"hex","value":"33","editable":true,"index":4},{"name":"room_id:","node_type":"field","data_type":"hex","value":"01","editable":true,"index":5},{"name":"dev_name:","node_type":"field","data_type":"str","value":"Device","editable":true,"index":6},{"name":"room_name:","node_type":"field","data_type":"str","value":"Room","editable":true,"index":7},{"name":"time:","node_type":"field","data_type":"date","value":"21-04-23 15:53:54","editable":true,"index":8},{"name":"additional:","node_type":"field","data_type":"hex","value":"","editable":true,"index":9}]},{"name":"b0141396","node_type":"minus","id":"","id_editable":false,"type":" 21-04-23 15:53:41 ","obj_type":"notification","can_delete":true,"is_open":true,"children":[{"name":"log_id:","node_type":"field","data_type":"hex","value":"b0141396","editable":false,"index":0},{"name":"log_type:","node_type":"field","data_type":"hex","value":"02","editable":true,"index":1},{"name":"dev_type:","node_type":"field","data_type":"hex","value":"2e","editable":true,"index":2},{"name":"dev_id:","node_type":"field","data_type":"hex","value":"00ff0001","editable":true,"index":3},{"name":"event_type:","node_type":"field","data_type":"hex","value":"2e","editable":true,"index":4},{"name":"room_id:","node_type":"field","data_type":"hex","value":"01","editable":true,"index":5},{"name":"dev_name:","node_type":"field","data_type":"str","value":"Device","editable":true,"index":6},{"name":"room_name:","node_type":"field","data_type":"str","value":"Room","editable":true,"index":7},{"name":"time:","node_type":"field","data_type":"date","value":"21-04-23 15:53:41","editable":true,"index":8},{"name":"additional:","node_type":"field","data_type":"hex","value":"","editable":true,"index":9}]},{"name":"b0141395","node_type":"minus","id":"","id_editable":false,"type":" 21-04-23 15:53:18 ","obj_type":"notification","can_delete":true,"is_open":true,"children":[{"name":"log_id:","node_type":"field","data_type":"hex","value":"b0141395","editable":false,"index":0},{"name":"log_type:","node_type":"field","data_type":"hex","value":"02","editable":true,"index":1},{"name":"dev_type:","node_type":"field","data_type":"hex","value":"2e","editable":true,"index":2},{"name":"dev_id:","node_type":"field","data_type":"hex","value":"00ff0001","editable":true,"index":3},{"name":"event_type:","node_type":"field","data_type":"hex","value":"2d","editable":true,"index":4},{"name":"room_id:","node_type":"field","data_type":"hex","value":"01","editable":true,"index":5},{"name":"dev_name:","node_type":"field","data_type":"str","value":"Device","editable":true,"index":6},{"name":"room_name:","node_type":"field","data_type":"str","value":"Room","editable":true,"index":7},{"name":"time:","node_type":"field","data_type":"date","value":"21-04-23 15:53:18","editable":true,"index":8},{"name":"additional:","node_type":"field","data_type":"hex","value":"","editable":true,"index":9}]},{"name":"b0141394","node_type":"minus","id":"","id_editable":false,"type":" 21-04-23 15:53:05 ","obj_type":"notification","can_delete":true,"is_open":true,"children":[{"name":"log_id:","node_type":"field","data_type":"hex","value":"b0141394","editable":false,"index":0},{"name":"log_type:","node_type":"field","data_type":"hex","value":"02","editable":true,"index":1},{"name":"dev_type:","node_type":"field","data_type":"hex","value":"2e","editable":true,"index":2},{"name":"dev_id:","node_type":"field","data_type":"hex","value":"00ff0001","editable":true,"index":3},{"name":"event_type:","node_type":"field","data_type":"hex","value":"2a","editable":true,"index":4},{"name":"room_id:","node_type":"field","data_type":"hex","value":"01","editable":true,"index":5},{"name":"dev_name:","node_type":"field","data_type":"str","value":"Device","editable":true,"index":6},{"name":"room_name:","node_type":"field","data_type":"str","value":"Room","editable":true,"index":7},{"name":"time:","node_type":"field","data_type":"date","value":"21-04-23 15:53:05","editable":true,"index":8},{"name":"additional:","node_type":"field","data_type":"hex","value":"","editable":true,"index":9}]},{"name":"b0141393","node_type":"minus","id":"","id_editable":false,"type":" 21-04-23 15:52:50 ","obj_type":"notification","can_delete":true,"is_open":true,"children":[{"name":"log_id:","node_type":"field","data_type":"hex","value":"b0141393","editable":false,"index":0},{"name":"log_type:","node_type":"field","data_type":"hex","value":"02","editable":true,"index":1},{"name":"dev_type:","node_type":"field","data_type":"hex","value":"2e","editable":true,"index":2},{"name":"dev_id:","node_type":"field","data_type":"hex","value":"00ff0001","editable":true,"index":3},{"name":"event_type:","node_type":"field","data_type":"hex","value":"29","editable":true,"index":4},{"name":"room_id:","node_type":"field","data_type":"hex","value":"01","editable":true,"index":5},{"name":"dev_name:","node_type":"field","data_type":"str","value":"Device","editable":true,"index":6},{"name":"room_name:","node_type":"field","data_type":"str","value":"Room","editable":true,"index":7},{"name":"time:","node_type":"field","data_type":"date","value":"21-04-23 15:52:50","editable":true,"index":8},{"name":"additional:","node_type":"field","data_type":"hex","value":"","editable":true,"index":9}]},{"name":"b0141392","node_type":"minus","id":"","id_editable":false,"type":" 21-04-23 15:52:37 ","obj_type":"notification","can_delete":true,"is_open":true,"children":[{"name":"log_id:","node_type":"field","data_type":"hex","value":"b0141392","editable":false,"index":0},{"name":"log_type:","node_type":"field","data_type":"hex","value":"02","editable":true,"index":1},{"name":"dev_type:","node_type":"field","data_type":"hex","value":"2e","editable":true,"index":2},{"name":"dev_id:","node_type":"field","data_type":"hex","value":"00ff0001","editable":true,"index":3},{"name":"event_type:","node_type":"field","data_type":"hex","value":"28","editable":true,"index":4},{"name":"room_id:","node_type":"field","data_type":"hex","value":"01","editable":true,"index":5},{"name":"dev_name:","node_type":"field","data_type":"str","value":"Device","editable":true,"index":6},{"name":"room_name:","node_type":"field","data_type":"str","value":"Room","editable":true,"index":7},{"name":"time:","node_type":"field","data_type":"date","value":"21-04-23 15:52:37","editable":true,"index":8},{"name":"additional:","node_type":"field","data_type":"hex","value":"","editable":true,"index":9}]},{"name":"b0141391","node_type":"minus","id":"","id_editable":false,"type":" 21-04-23 15:52:26 ","obj_type":"notification","can_delete":true,"is_open":true,"children":[{"name":"log_id:","node_type":"field","data_type":"hex","value":"b0141391","editable":false,"index":0},{"name":"log_type:","node_type":"field","data_type":"hex","value":"02","editable":true,"index":1},{"name":"dev_type:","node_type":"field","data_type":"hex","value":"2e","editable":true,"index":2},{"name":"dev_id:","node_type":"field","data_type":"hex","value":"00ff0001","editable":true,"index":3},{"name":"event_type:","node_type":"field","data_type":"hex","value":"27","editable":true,"index":4},{"name":"room_id:","node_type":"field","data_type":"hex","value":"01","editable":true,"index":5},{"name":"dev_name:","node_type":"field","data_type":"str","value":"Device","editable":true,"index":6},{"name":"room_name:","node_type":"field","data_type":"str","value":"Room","editable":true,"index":7},{"name":"time:","node_type":"field","data_type":"date","value":"21-04-23 15:52:26","editable":true,"index":8},{"name":"additional:","node_type":"field","data_type":"hex","value":"","editable":true,"index":9}]},{"name":"b0141390","node_type":"minus","id":"","id_editable":false,"type":" 21-04-23 15:52:14 ","obj_type":"notification","can_delete":true,"is_open":true,"children":[{"name":"log_id:","node_type":"field","data_type":"hex","value":"b0141390","editable":false,"index":0},{"name":"log_type:","node_type":"field","data_type":"hex","value":"02","editable":true,"index":1},{"name":"dev_type:","node_type":"field","data_type":"hex","value":"2e","editable":true,"index":2},{"name":"dev_id:","node_type":"field","data_type":"hex","value":"00ff0001","editable":true,"index":3},{"name":"event_type:","node_type":"field","data_type":"hex","value":"26","editable":true,"index":4},{"name":"room_id:","node_type":"field","data_type":"hex","value":"01","editable":true,"index":5},{"name":"dev_name:","node_type":"field","data_type":"str","value":"Device","editable":true,"index":6},{"name":"room_name:","node_type":"field","data_type":"str","value":"Room","editable":true,"index":7},{"name":"time:","node_type":"field","data_type":"date","value":"21-04-23 15:52:14","editable":true,"index":8},{"name":"additional:","node_type":"field","data_type":"hex","value":"","editable":true,"index":9}]},{"name":"b014138f","node_type":"minus","id":"","id_editable":false,"type":" 21-04-23 15:51:50 ","obj_type":"notification","can_delete":true,"is_open":true,"children":[{"name":"log_id:","node_type":"field","data_type":"hex","value":"b014138f","editable":false,"index":0},{"name":"log_type:","node_type":"field","data_type":"hex","value":"02","editable":true,"index":1},{"name":"dev_type:","node_type":"field","data_type":"hex","value":"2e","editable":true,"index":2},{"name":"dev_id:","node_type":"field","data_type":"hex","value":"00ff0001","editable":true,"index":3},{"name":"event_type:","node_type":"field","data_type":"hex","value":"25","editable":true,"index":4},{"name":"room_id:","node_type":"field","data_type":"hex","value":"01","editable":true,"index":5},{"name":"dev_name:","node_type":"field","data_type":"str","value":"Device","editable":true,"index":6},{"name":"room_name:","node_type":"field","data_type":"str","value":"Room","editable":true,"index":7},{"name":"time:","node_type":"field","data_type":"date","value":"21-04-23 15:51:50","editable":true,"index":8},{"name":"additional:","node_type":"field","data_type":"hex","value":"","editable":true,"index":9}]},{"name":"b014138e","node_type":"minus","id":"","id_editable":false,"type":" 21-04-23 15:51:36 ","obj_type":"notification","can_delete":true,"is_open":true,"children":[{"name":"log_id:","node_type":"field","data_type":"hex","value":"b014138e","editable":false,"index":0},{"name":"log_type:","node_type":"field","data_type":"hex","value":"02","editable":true,"index":1},{"name":"dev_type:","node_type":"field","data_type":"hex","value":"2e","editable":true,"index":2},{"name":"dev_id:","node_type":"field","data_type":"hex","value":"00ff0001","editable":true,"index":3},{"name":"event_type:","node_type":"field","data_type":"hex","value":"24","editable":true,"index":4},{"name":"room_id:","node_type":"field","data_type":"hex","value":"01","editable":true,"index":5},{"name":"dev_name:","node_type":"field","data_type":"str","value":"Device","editable":true,"index":6},{"name":"room_name:","node_type":"field","data_type":"str","value":"Room","editable":true,"index":7},{"name":"time:","node_type":"field","data_type":"date","value":"21-04-23 15:51:36","editable":true,"index":8},{"name":"additional:","node_type":"field","data_type":"hex","value":"","editable":true,"index":9}]},{"name":"b014138d","node_type":"minus","id":"","id_editable":false,"type":" 21-04-23 15:51:11 ","obj_type":"notification","can_delete":true,"is_open":true,"children":[{"name":"log_id:","node_type":"field","data_type":"hex","value":"b014138d","editable":false,"index":0},{"name":"log_type:","node_type":"field","data_type":"hex","value":"02","editable":true,"index":1},{"name":"dev_type:","node_type":"field","data_type":"hex","value":"2e","editable":true,"index":2},{"name":"dev_id:","node_type":"field","data_type":"hex","value":"00ff0001","editable":true,"index":3},{"name":"event_type:","node_type":"field","data_type":"hex","value":"22","editable":true,"index":4},{"name":"room_id:","node_type":"field","data_type":"hex","value":"01","editable":true,"index":5},{"name":"dev_name:","node_type":"field","data_type":"str","value":"Device","editable":true,"index":6},{"name":"room_name:","node_type":"field","data_type":"str","value":"Room","editable":true,"index":7},{"name":"time:","node_type":"field","data_type":"date","value":"21-04-23 15:51:11","editable":true,"index":8},{"name":"additional:","node_type":"field","data_type":"hex","value":"","editable":true,"index":9}]},{"name":"b014138c","node_type":"minus","id":"","id_editable":false,"type":" 21-04-23 15:43:33 ","obj_type":"notification","can_delete":true,"is_open":true,"children":[{"name":"log_id:","node_type":"field","data_type":"hex","value":"b014138c","editable":false,"index":0},{"name":"log_type:","node_type":"field","data_type":"hex","value":"02","editable":true,"index":1},{"name":"dev_type:","node_type":"field","data_type":"hex","value":"2e","editable":true,"index":2},{"name":"dev_id:","node_type":"field","data_type":"hex","value":"00ff0001","editable":true,"index":3},{"name":"event_type:","node_type":"field","data_type":"hex","value":"21","editable":true,"index":4},{"name":"room_id:","node_type":"field","data_type":"hex","value":"01","editable":true,"index":5},{"name":"dev_name:","node_type":"field","data_type":"str","value":"Device","editable":true,"index":6},{"name":"room_name:","node_type":"field","data_type":"str","value":"Room","editable":true,"index":7},{"name":"time:","node_type":"field","data_type":"date","value":"21-04-23 15:43:33","editable":true,"index":8},{"name":"additional:","node_type":"field","data_type":"hex","value":"","editable":true,"index":9}]},{"name":"b014138b","node_type":"minus","id":"","id_editable":false,"type":" 21-04-23 15:42:48 ","obj_type":"notification","can_delete":true,"is_open":true,"children":[{"name":"log_id:","node_type":"field","data_type":"hex","value":"b014138b","editable":false,"index":0},{"name":"log_type:","node_type":"field","data_type":"hex","value":"02","editable":true,"index":1},{"name":"dev_type:","node_type":"field","data_type":"hex","value":"2e","editable":true,"index":2},{"name":"dev_id:","node_type":"field","data_type":"hex","value":"00ff0001","editable":true,"index":3},{"name":"event_type:","node_type":"field","data_type":"hex","value":"20","editable":true,"index":4},{"name":"room_id:","node_type":"field","data_type":"hex","value":"01","editable":true,"index":5},{"name":"dev_name:","node_type":"field","data_type":"str","value":"Device","editable":true,"index":6},{"name":"room_name:","node_type":"field","data_type":"str","value":"Room","editable":true,"index":7},{"name":"time:","node_type":"field","data_type":"date","value":"21-04-23 15:42:48","editable":true,"index":8},{"name":"additional:","node_type":"field","data_type":"hex","value":"","editable":true,"index":9}]}]},{"name":"00","node_type":"param","data_type":"hex","value":"46414b4520485542"},{"name":"01","node_type":"param","data_type":"hex","value":"0064"},{"name":"07","node_type":"param","data_type":"hex","value":"01"},{"name":"08","node_type":"param","data_type":"hex","value":"00"},{"name":"10","node_type":"param","data_type":"hex","value":"01"},{"name":"14","node_type":"param","data_type":"hex","value":"fc000000"},{"name":"23","node_type":"param","data_type":"hex","value":"05050505"},{"name":"24","node_type":"param","data_type":"hex","value":"05050505"},{"name":"25","node_type":"param","data_type":"hex","value":"05050505"},{"name":"26","node_type":"param","data_type":"hex","value":"05050505"},{"name":"37","node_type":"param","data_type":"hex","value":"00033838"},{"name":"41","node_type":"param","data_type":"hex","value":"0096"},{"name":"49","node_type":"param","data_type":"hex","value":"02"},{"name":"4a","node_type":"param","data_type":"hex","value":"01"},{"name":"4b","node_type":"param","data_type":"hex","value":"01"},{"name":"4c","node_type":"param","data_type":"hex","value":"01"},{"name":"62","node_type":"param","data_type":"hex","value":"01"},{"name":"63","node_type":"param","data_type":"hex","value":"01"},{"name":"64","node_type":"param","data_type":"hex","value":"01"},{"name":"74","node_type":"param","data_type":"hex","value":"00015180"},{"name":"75","node_type":"param","data_type":"hex","value":"08"},{"name":"7e","node_type":"param","data_type":"hex","value":"01"},{"name":"89","node_type":"param","data_type":"hex","value":"00"},{"name":"b8","node_type":"param","data_type":"hex","value":"01"}]},{"name":"Misha","node_type":"minus","id":"66600666","id_editable":false,"type":"22","obj_type":"logged_user","can_delete":false,"children":[{"name":"01","node_type":"param","data_type":"hex","value":"4d69736861"},{"name":"02","node_type":"param","data_type":"hex","value":"6b6f7a6c69756b2e6d40616a61782e73797374656d73"},{"name":"03","node_type":"param","data_type":"hex","value":"2b333830393339333738323436"},{"name":"09","node_type":"param","data_type":"hex","value":"07"},{"name":"0a","node_type":"param","data_type":"hex","value":"03"},{"name":"0b","node_type":"param","data_type":"hex","value":"03"},{"name":"0f","node_type":"param","data_type":"hex","value":"01f5"},{"name":"10","node_type":"param","data_type":"hex","value":"03"},{"name":"14","node_type":"param","data_type":"hex","value":"ffffffff"},{"name":"15","node_type":"param","data_type":"hex","value":"01"},{"name":"19","node_type":"param","data_type":"hex","value":"ffffffffffffffff"},{"name":"1a","node_type":"param","data_type":"hex","value":"ffffffffffffffff"},{"name":"21","node_type":"param","data_type":"hex","value":"00000000"}]}]}]