[{"name":".","node_type":"add_hub","is_open":true,"children":[{"name":"FAKE HUB","node_type":"minus","id":"00000001","type":"21","obj_type":"hub","can_delete":true,"is_open":true,"children":[{"name":"rooms","node_type":"add","obj_type":"rooms"},{"name":"groups","node_type":"add","obj_type":"groups"},{"name":"devices","node_type":"add","obj_type":"devices"},{"name":"users","node_type":"add","obj_type":"users","children":[{"name":"Misha","node_type":"minus","id":"66600666","id_editable":false,"type":"22","obj_type":"user","can_delete":false,"children":[{"name":"01","node_type":"param","data_type":"hex","value":"4d69736861"},{"name":"02","node_type":"param","data_type":"hex","value":"6b6f7a6c69756b2e6d40616a61782e73797374656d73"},{"name":"03","node_type":"param","data_type":"hex","value":"2b333830393339333738323436"},{"name":"09","node_type":"param","data_type":"hex","value":"07"},{"name":"0a","node_type":"param","data_type":"hex","value":"03"},{"name":"0b","node_type":"param","data_type":"hex","value":"03"},{"name":"0f","node_type":"param","data_type":"hex","value":"01f5"},{"name":"10","node_type":"param","data_type":"hex","value":"03"},{"name":"14","node_type":"param","data_type":"hex","value":"ffffffff"},{"name":"15","node_type":"param","data_type":"hex","value":"01"},{"name":"19","node_type":"param","data_type":"hex","value":"ffffffffffffffff"},{"name":"1a","node_type":"param","data_type":"hex","value":"ffffffffffffffff"},{"name":"21","node_type":"param","data_type":"hex","value":"00000000"}]}]},{"name":"cards","node_type":"add","obj_type":"cards"},{"name":"billing_companies","node_type":"add","obj_type":"billing_companies"},{"name":"notifications","node_type":"add","obj_type":"notifications"},{"name":"00","node_type":"param","data_type":"hex","value":"46414b4520485542"},{"name":"01","node_type":"param","data_type":"hex","value":"0064"},{"name":"56","value":"01","node_type":"param","data_type":"hex"},{"name":"03","node_type":"param","data_type":"hex","value":"01"},{"name":"04","node_type":"param","data_type":"hex","value":"0003"},{"name":"06","node_type":"param","data_type":"hex","value":"00"},{"name":"07","node_type":"param","data_type":"hex","value":"01"},{"name":"08","node_type":"param","data_type":"hex","value":"00"},{"name":"10","node_type":"param","data_type":"hex","value":"01"},{"name":"23","node_type":"param","data_type":"hex","value":"05050505"},{"name":"24","node_type":"param","data_type":"hex","value":"05050505"},{"name":"25","node_type":"param","data_type":"hex","value":"05050505"},{"name":"26","node_type":"param","data_type":"hex","value":"05050505"},{"name":"34","node_type":"param","data_type":"hex","value":"0064"},{"name":"37","node_type":"param","data_type":"hex","value":"00032952"},{"name":"41","node_type":"param","data_type":"hex","value":"0096"},{"name":"48","node_type":"param","data_type":"hex","value":"07"},{"name":"49","node_type":"param","data_type":"hex","value":"01"},{"name":"4a","node_type":"param","data_type":"hex","value":"01"},{"name":"4b","node_type":"param","data_type":"hex","value":"01"},{"name":"4c","node_type":"param","data_type":"hex","value":"01"},{"name":"4f","node_type":"param","data_type":"hex","value":"0064"},{"name":"50","node_type":"param","data_type":"hex","value":"11111111"},{"name":"5f","node_type":"param","data_type":"hex","value":"00"},{"name":"73","node_type":"param","data_type":"hex","value":"01"},{"name":"75","node_type":"param","data_type":"hex","value":"06"},{"name":"7a","node_type":"param","data_type":"hex","value":"02"},{"name":"7e","node_type":"param","data_type":"hex","value":"01"},{"name":"87","node_type":"param","data_type":"hex","value":"333830363338363838383736"},{"name":"88","node_type":"param","data_type":"hex","value":"333830363338363838383736"},{"name":"89","node_type":"param","data_type":"hex","value":"00"},{"name":"aa","node_type":"param","data_type":"hex","value":"0064"},{"name":"12","value":"03","node_type":"param","data_type":"hex"},{"name":"62","value":"01","node_type":"param","data_type":"hex"},{"name":"72","value":"01","node_type":"param","data_type":"hex"}]},{"name":"Misha","node_type":"minus","id":"66600666","id_editable":false,"type":"22","obj_type":"logged_user","can_delete":false,"children":[{"name":"01","node_type":"param","data_type":"hex","value":"4d69736861"},{"name":"02","node_type":"param","data_type":"hex","value":"6b6f7a6c69756b2e6d40616a61782e73797374656d73"},{"name":"03","node_type":"param","data_type":"hex","value":"2b333830393339333738323436"},{"name":"09","node_type":"param","data_type":"hex","value":"07"},{"name":"0a","node_type":"param","data_type":"hex","value":"03"},{"name":"0b","node_type":"param","data_type":"hex","value":"03"},{"name":"0f","node_type":"param","data_type":"hex","value":"01f5"},{"name":"10","node_type":"param","data_type":"hex","value":"03"},{"name":"14","node_type":"param","data_type":"hex","value":"ffffffff"},{"name":"15","node_type":"param","data_type":"hex","value":"01"},{"name":"19","node_type":"param","data_type":"hex","value":"ffffffffffffffff"},{"name":"1a","node_type":"param","data_type":"hex","value":"ffffffffffffffff"},{"name":"21","node_type":"param","data_type":"hex","value":"00000000"}]}]}]