[{"name":".","node_type":"add_hub","is_open":true,"children":[{"name":"FAKE HUB","node_type":"minus","id":"00000001","type":"21","obj_type":"hub","can_delete":true,"is_open":false,"children":[{"name":"rooms","node_type":"add","obj_type":"rooms","is_open":true,"children":[{"name":"fake room","node_type":"minus","id":"00000001","id_editable":false,"type":"24","obj_type":"room","can_delete":true,"is_open":true,"children":[{"name":"00","node_type":"param","data_type":"hex","value":"66616b6520726f6f6d"}]}]},{"name":"groups","node_type":"add","obj_type":"groups","is_open":true,"children":[{"name":"fake group","node_type":"minus","id":"00000001","id_editable":false,"type":"23","obj_type":"group","can_delete":true,"children":[{"name":"02","node_type":"param","data_type":"hex","value":"66616b652067726f7570"},{"name":"04","node_type":"param","data_type":"hex","value":"01"},{"name":"05","node_type":"param","data_type":"hex","value":"01"},{"name":"06","node_type":"param","data_type":"hex","value":"00"}]}]},{"name":"devices","node_type":"add","obj_type":"devices","is_open":true,"children":[{"name":"00ff0001","node_type":"minus","id":"00ff0045","id_editable":true,"type":"45","type_editable":true,"obj_type":"device","can_delete":true,"is_open":false,"children":[{"name":"02","node_type":"param","data_type":"hex","value":"f6"},{"name":"03","node_type":"param","data_type":"hex","value":"01"},{"name":"04","node_type":"param","data_type":"hex","value":"00"},{"name":"05","node_type":"param","data_type":"hex","value":"0032"},{"name":"06","node_type":"param","data_type":"hex","value":"0006f158"},{"name":"09","node_type":"param","data_type":"hex","value":"3030666630303031"},{"name":"0a","node_type":"param","data_type":"hex","value":"01"},{"name":"0b","node_type":"param","data_type":"hex","value":"01"},{"name":"27","node_type":"param","data_type":"hex","value":"01"},{"name":"50","node_type":"param","data_type":"hex","value":"00"},{"name":"b0","node_type":"param","data_type":"hex","value":"05370000"},{"name":"31","value":"01","node_type":"param","data_type":"hex"}]},{"name":"00ff0046","node_type":"minus","id":"00ff0046","id_editable":true,"type":"07","type_editable":true,"obj_type":"device","can_delete":true,"is_open":false,"children":[{"name":"02","node_type":"param","data_type":"hex","value":"f6"},{"name":"03","node_type":"param","data_type":"hex","value":"01"},{"name":"04","node_type":"param","data_type":"hex","value":"00"},{"name":"05","node_type":"param","data_type":"hex","value":"0032"},{"name":"06","node_type":"param","data_type":"hex","value":"0006f158"},{"name":"09","node_type":"param","data_type":"hex","value":"3030666630303436"},{"name":"0a","node_type":"param","data_type":"hex","value":"01"},{"name":"0b","node_type":"param","data_type":"hex","value":"01"},{"name":"27","node_type":"param","data_type":"hex","value":"02"},{"name":"50","node_type":"param","data_type":"hex","value":"00"},{"name":"b0","node_type":"param","data_type":"hex","value":"05370000"}]}]},{"name":"users","node_type":"add","obj_type":"users","children":[{"name":"Misha","node_type":"minus","id":"66600666","id_editable":false,"type":"22","obj_type":"user","can_delete":false,"children":[{"name":"01","node_type":"param","data_type":"hex","value":"4d69736861"},{"name":"02","node_type":"param","data_type":"hex","value":"6b6f7a6c69756b2e6d40616a61782e73797374656d73"},{"name":"03","node_type":"param","data_type":"hex","value":"2b333830393339333738323436"},{"name":"09","node_type":"param","data_type":"hex","value":"07"},{"name":"0a","node_type":"param","data_type":"hex","value":"03"},{"name":"0b","node_type":"param","data_type":"hex","value":"03"},{"name":"0f","node_type":"param","data_type":"hex","value":"01f5"},{"name":"10","node_type":"param","data_type":"hex","value":"03"},{"name":"14","node_type":"param","data_type":"hex","value":"ffffffff"},{"name":"15","node_type":"param","data_type":"hex","value":"01"},{"name":"19","node_type":"param","data_type":"hex","value":"ffffffffffffffff"},{"name":"1a","node_type":"param","data_type":"hex","value":"ffffffffffffffff"},{"name":"21","node_type":"param","data_type":"hex","value":"00000000"}]}]},{"name":"cards","node_type":"add","obj_type":"cards"},{"name":"billing_companies","node_type":"add","obj_type":"billing_companies"},{"name":"notifications","node_type":"add","obj_type":"notifications","is_open":true,"children":[{"name":"ed057c5d","node_type":"minus","id":"","id_editable":false,"type":" 21-05-20 12:31:23 ","obj_type":"notification","can_delete":true,"is_open":true,"children":[{"name":"log_id:","node_type":"field","data_type":"hex","value":"ed057c5d","editable":false,"index":0},{"name":"log_type:","node_type":"field","data_type":"hex","value":"07","editable":true,"index":1},{"name":"dev_type:","node_type":"field","data_type":"hex","value":"45","editable":true,"index":2},{"name":"dev_id:","node_type":"field","data_type":"hex","value":"00ff0001","editable":true,"index":3},{"name":"event_type:","node_type":"field","data_type":"hex","value":"14","editable":true,"index":4},{"name":"room_id:","node_type":"field","data_type":"hex","value":"01","editable":true,"index":5},{"name":"dev_name:","node_type":"field","data_type":"str","value":"Device","editable":true,"index":6},{"name":"room_name:","node_type":"field","data_type":"str","value":"Room","editable":true,"index":7},{"name":"time:","node_type":"field","data_type":"date","value":"21-05-20 12:31:23","editable":true,"index":8},{"name":"additional:","node_type":"field","data_type":"hex","value":"","editable":true,"index":9}]},{"name":"ed057c5c","node_type":"minus","id":"","id_editable":false,"type":" 21-05-20 12:27:19 ","obj_type":"notification","can_delete":true,"is_open":false,"children":[{"name":"log_id:","node_type":"field","data_type":"hex","value":"ed057c5c","editable":false,"index":0},{"name":"log_type:","node_type":"field","data_type":"hex","value":"03","editable":true,"index":1},{"name":"dev_type:","node_type":"field","data_type":"hex","value":"45","editable":true,"index":2},{"name":"dev_id:","node_type":"field","data_type":"hex","value":"00ff0001","editable":true,"index":3},{"name":"event_type:","node_type":"field","data_type":"hex","value":"13","editable":true,"index":4},{"name":"room_id:","node_type":"field","data_type":"hex","value":"01","editable":true,"index":5},{"name":"dev_name:","node_type":"field","data_type":"str","value":"Device","editable":true,"index":6},{"name":"room_name:","node_type":"field","data_type":"str","value":"Room","editable":true,"index":7},{"name":"time:","node_type":"field","data_type":"date","value":"21-05-20 12:27:19","editable":true,"index":8},{"name":"additional:","node_type":"field","data_type":"hex","value":"","editable":true,"index":9}]},{"name":"ed057c5b","node_type":"minus","id":"","id_editable":false,"type":" 21-05-20 12:26:41 ","obj_type":"notification","can_delete":true,"is_open":false,"children":[{"name":"log_id:","node_type":"field","data_type":"hex","value":"ed057c5b","editable":false,"index":0},{"name":"log_type:","node_type":"field","data_type":"hex","value":"01","editable":true,"index":1},{"name":"dev_type:","node_type":"field","data_type":"hex","value":"45","editable":true,"index":2},{"name":"dev_id:","node_type":"field","data_type":"hex","value":"00ff0001","editable":true,"index":3},{"name":"event_type:","node_type":"field","data_type":"hex","value":"12","editable":true,"index":4},{"name":"room_id:","node_type":"field","data_type":"hex","value":"01","editable":true,"index":5},{"name":"dev_name:","node_type":"field","data_type":"str","value":"Device","editable":true,"index":6},{"name":"room_name:","node_type":"field","data_type":"str","value":"Room","editable":true,"index":7},{"name":"time:","node_type":"field","data_type":"date","value":"21-05-20 12:26:41","editable":true,"index":8},{"name":"additional:","node_type":"field","data_type":"hex","value":"","editable":true,"index":9}]},{"name":"ed057c6f","node_type":"minus","id":"","id_editable":false,"type":" 21-05-18 16:41:41 ","obj_type":"notification","can_delete":true,"is_open":false,"children":[{"name":"log_id:","node_type":"field","data_type":"hex","value":"ed057c6f","editable":false,"index":0},{"name":"log_type:","node_type":"field","data_type":"hex","value":"01","editable":true,"index":1},{"name":"dev_type:","node_type":"field","data_type":"hex","value":"45","editable":true,"index":2},{"name":"dev_id:","node_type":"field","data_type":"hex","value":"00ff0001","editable":true,"index":3},{"name":"event_type:","node_type":"field","data_type":"hex","value":"0f","editable":true,"index":4},{"name":"room_id:","node_type":"field","data_type":"hex","value":"01","editable":true,"index":5},{"name":"dev_name:","node_type":"field","data_type":"str","value":"Device","editable":true,"index":6},{"name":"room_name:","node_type":"field","data_type":"str","value":"Room","editable":true,"index":7},{"name":"time:","node_type":"field","data_type":"date","value":"21-05-18 16:41:41","editable":true,"index":8},{"name":"additional:","node_type":"field","data_type":"hex","value":"","editable":true,"index":9}]},{"name":"ed057c6e","node_type":"minus","id":"","id_editable":false,"type":" 21-05-18 16:41:18 ","obj_type":"notification","can_delete":true,"is_open":false,"children":[{"name":"log_id:","node_type":"field","data_type":"hex","value":"ed057c6e","editable":false,"index":0},{"name":"log_type:","node_type":"field","data_type":"hex","value":"01","editable":true,"index":1},{"name":"dev_type:","node_type":"field","data_type":"hex","value":"45","editable":true,"index":2},{"name":"dev_id:","node_type":"field","data_type":"hex","value":"00ff0001","editable":true,"index":3},{"name":"event_type:","node_type":"field","data_type":"hex","value":"0e","editable":true,"index":4},{"name":"room_id:","node_type":"field","data_type":"hex","value":"01","editable":true,"index":5},{"name":"dev_name:","node_type":"field","data_type":"str","value":"Device","editable":true,"index":6},{"name":"room_name:","node_type":"field","data_type":"str","value":"Room","editable":true,"index":7},{"name":"time:","node_type":"field","data_type":"date","value":"21-05-18 16:41:18","editable":true,"index":8},{"name":"additional:","node_type":"field","data_type":"hex","value":"","editable":true,"index":9}]},{"name":"ed057c6d","node_type":"minus","id":"","id_editable":false,"type":" 21-05-18 16:40:46 ","obj_type":"notification","can_delete":true,"is_open":false,"children":[{"name":"log_id:","node_type":"field","data_type":"hex","value":"ed057c6d","editable":false,"index":0},{"name":"log_type:","node_type":"field","data_type":"hex","value":"07","editable":true,"index":1},{"name":"dev_type:","node_type":"field","data_type":"hex","value":"45","editable":true,"index":2},{"name":"dev_id:","node_type":"field","data_type":"hex","value":"00ff0001","editable":true,"index":3},{"name":"event_type:","node_type":"field","data_type":"hex","value":"0d","editable":true,"index":4},{"name":"room_id:","node_type":"field","data_type":"hex","value":"01","editable":true,"index":5},{"name":"dev_name:","node_type":"field","data_type":"str","value":"Device","editable":true,"index":6},{"name":"room_name:","node_type":"field","data_type":"str","value":"Room","editable":true,"index":7},{"name":"time:","node_type":"field","data_type":"date","value":"21-05-18 16:40:46","editable":true,"index":8},{"name":"additional:","node_type":"field","data_type":"hex","value":"","editable":true,"index":9}]},{"name":"ed057c6c","node_type":"minus","id":"","id_editable":false,"type":" 21-05-18 16:38:37 ","obj_type":"notification","can_delete":true,"is_open":false,"children":[{"name":"log_id:","node_type":"field","data_type":"hex","value":"ed057c6c","editable":false,"index":0},{"name":"log_type:","node_type":"field","data_type":"hex","value":"01","editable":true,"index":1},{"name":"dev_type:","node_type":"field","data_type":"hex","value":"45","editable":true,"index":2},{"name":"dev_id:","node_type":"field","data_type":"hex","value":"00ff0001","editable":true,"index":3},{"name":"event_type:","node_type":"field","data_type":"hex","value":"0c","editable":true,"index":4},{"name":"room_id:","node_type":"field","data_type":"hex","value":"01","editable":true,"index":5},{"name":"dev_name:","node_type":"field","data_type":"str","value":"Device","editable":true,"index":6},{"name":"room_name:","node_type":"field","data_type":"str","value":"Room","editable":true,"index":7},{"name":"time:","node_type":"field","data_type":"date","value":"21-05-18 16:38:37","editable":true,"index":8},{"name":"additional:","node_type":"field","data_type":"hex","value":"","editable":true,"index":9}]},{"name":"ed057c6b","node_type":"minus","id":"","id_editable":false,"type":" 21-05-18 16:36:40 ","obj_type":"notification","can_delete":true,"is_open":false,"children":[{"name":"log_id:","node_type":"field","data_type":"hex","value":"ed057c6b","editable":false,"index":0},{"name":"log_type:","node_type":"field","data_type":"hex","value":"07","editable":true,"index":1},{"name":"dev_type:","node_type":"field","data_type":"hex","value":"45","editable":true,"index":2},{"name":"dev_id:","node_type":"field","data_type":"hex","value":"00ff0001","editable":true,"index":3},{"name":"event_type:","node_type":"field","data_type":"hex","value":"0b","editable":true,"index":4},{"name":"room_id:","node_type":"field","data_type":"hex","value":"01","editable":true,"index":5},{"name":"dev_name:","node_type":"field","data_type":"str","value":"Device","editable":true,"index":6},{"name":"room_name:","node_type":"field","data_type":"str","value":"Room","editable":true,"index":7},{"name":"time:","node_type":"field","data_type":"date","value":"21-05-18 16:36:40","editable":true,"index":8},{"name":"additional:","node_type":"field","data_type":"hex","value":"","editable":true,"index":9}]},{"name":"ed057c6a","node_type":"minus","id":"","id_editable":false,"type":" 21-05-18 16:36:19 ","obj_type":"notification","can_delete":true,"is_open":false,"children":[{"name":"log_id:","node_type":"field","data_type":"hex","value":"ed057c6a","editable":false,"index":0},{"name":"log_type:","node_type":"field","data_type":"hex","value":"01","editable":true,"index":1},{"name":"dev_type:","node_type":"field","data_type":"hex","value":"45","editable":true,"index":2},{"name":"dev_id:","node_type":"field","data_type":"hex","value":"00ff0001","editable":true,"index":3},{"name":"event_type:","node_type":"field","data_type":"hex","value":"0a","editable":true,"index":4},{"name":"room_id:","node_type":"field","data_type":"hex","value":"01","editable":true,"index":5},{"name":"dev_name:","node_type":"field","data_type":"str","value":"Device","editable":true,"index":6},{"name":"room_name:","node_type":"field","data_type":"str","value":"Room","editable":true,"index":7},{"name":"time:","node_type":"field","data_type":"date","value":"21-05-18 16:36:19","editable":true,"index":8},{"name":"additional:","node_type":"field","data_type":"hex","value":"","editable":true,"index":9}]},{"name":"ed057c69","node_type":"minus","id":"","id_editable":false,"type":" 21-05-18 16:35:46 ","obj_type":"notification","can_delete":true,"is_open":false,"children":[{"name":"log_id:","node_type":"field","data_type":"hex","value":"ed057c69","editable":false,"index":0},{"name":"log_type:","node_type":"field","data_type":"hex","value":"09","editable":true,"index":1},{"name":"dev_type:","node_type":"field","data_type":"hex","value":"45","editable":true,"index":2},{"name":"dev_id:","node_type":"field","data_type":"hex","value":"00ff0001","editable":true,"index":3},{"name":"event_type:","node_type":"field","data_type":"hex","value":"09","editable":true,"index":4},{"name":"room_id:","node_type":"field","data_type":"hex","value":"01","editable":true,"index":5},{"name":"dev_name:","node_type":"field","data_type":"str","value":"Device","editable":true,"index":6},{"name":"room_name:","node_type":"field","data_type":"str","value":"Room","editable":true,"index":7},{"name":"time:","node_type":"field","data_type":"date","value":"21-05-18 16:35:46","editable":true,"index":8},{"name":"additional:","node_type":"field","data_type":"hex","value":"","editable":true,"index":9}]},{"name":"ed057c68","node_type":"minus","id":"","id_editable":false,"type":" 21-05-18 16:30:33 ","obj_type":"notification","can_delete":true,"is_open":false,"children":[{"name":"log_id:","node_type":"field","data_type":"hex","value":"ed057c68","editable":false,"index":0},{"name":"log_type:","node_type":"field","data_type":"hex","value":"09","editable":true,"index":1},{"name":"dev_type:","node_type":"field","data_type":"hex","value":"45","editable":true,"index":2},{"name":"dev_id:","node_type":"field","data_type":"hex","value":"00ff0001","editable":true,"index":3},{"name":"event_type:","node_type":"field","data_type":"hex","value":"08","editable":true,"index":4},{"name":"room_id:","node_type":"field","data_type":"hex","value":"01","editable":true,"index":5},{"name":"dev_name:","node_type":"field","data_type":"str","value":"Device","editable":true,"index":6},{"name":"room_name:","node_type":"field","data_type":"str","value":"Room","editable":true,"index":7},{"name":"time:","node_type":"field","data_type":"date","value":"21-05-18 16:30:33","editable":true,"index":8},{"name":"additional:","node_type":"field","data_type":"hex","value":"","editable":true,"index":9}]},{"name":"ed057c67","node_type":"minus","id":"","id_editable":false,"type":" 21-05-18 16:30:11 ","obj_type":"notification","can_delete":true,"is_open":false,"children":[{"name":"log_id:","node_type":"field","data_type":"hex","value":"ed057c67","editable":false,"index":0},{"name":"log_type:","node_type":"field","data_type":"hex","value":"07","editable":true,"index":1},{"name":"dev_type:","node_type":"field","data_type":"hex","value":"45","editable":true,"index":2},{"name":"dev_id:","node_type":"field","data_type":"hex","value":"00ff0001","editable":true,"index":3},{"name":"event_type:","node_type":"field","data_type":"hex","value":"07","editable":true,"index":4},{"name":"room_id:","node_type":"field","data_type":"hex","value":"01","editable":true,"index":5},{"name":"dev_name:","node_type":"field","data_type":"str","value":"Device","editable":true,"index":6},{"name":"room_name:","node_type":"field","data_type":"str","value":"Room","editable":true,"index":7},{"name":"time:","node_type":"field","data_type":"date","value":"21-05-18 16:30:11","editable":true,"index":8},{"name":"additional:","node_type":"field","data_type":"hex","value":"","editable":true,"index":9}]},{"name":"ed057c66","node_type":"minus","id":"","id_editable":false,"type":" 21-05-18 16:29:52 ","obj_type":"notification","can_delete":true,"is_open":false,"children":[{"name":"log_id:","node_type":"field","data_type":"hex","value":"ed057c66","editable":false,"index":0},{"name":"log_type:","node_type":"field","data_type":"hex","value":"01","editable":true,"index":1},{"name":"dev_type:","node_type":"field","data_type":"hex","value":"45","editable":true,"index":2},{"name":"dev_id:","node_type":"field","data_type":"hex","value":"00ff0001","editable":true,"index":3},{"name":"event_type:","node_type":"field","data_type":"hex","value":"06","editable":true,"index":4},{"name":"room_id:","node_type":"field","data_type":"hex","value":"01","editable":true,"index":5},{"name":"dev_name:","node_type":"field","data_type":"str","value":"Device","editable":true,"index":6},{"name":"room_name:","node_type":"field","data_type":"str","value":"Room","editable":true,"index":7},{"name":"time:","node_type":"field","data_type":"date","value":"21-05-18 16:29:52","editable":true,"index":8},{"name":"additional:","node_type":"field","data_type":"hex","value":"","editable":true,"index":9}]},{"name":"ed057c65","node_type":"minus","id":"","id_editable":false,"type":" 21-05-18 16:29:26 ","obj_type":"notification","can_delete":true,"is_open":false,"children":[{"name":"log_id:","node_type":"field","data_type":"hex","value":"ed057c65","editable":false,"index":0},{"name":"log_type:","node_type":"field","data_type":"hex","value":"07","editable":true,"index":1},{"name":"dev_type:","node_type":"field","data_type":"hex","value":"45","editable":true,"index":2},{"name":"dev_id:","node_type":"field","data_type":"hex","value":"00ff0001","editable":true,"index":3},{"name":"event_type:","node_type":"field","data_type":"hex","value":"05","editable":true,"index":4},{"name":"room_id:","node_type":"field","data_type":"hex","value":"01","editable":true,"index":5},{"name":"dev_name:","node_type":"field","data_type":"str","value":"Device","editable":true,"index":6},{"name":"room_name:","node_type":"field","data_type":"str","value":"Room","editable":true,"index":7},{"name":"time:","node_type":"field","data_type":"date","value":"21-05-18 16:29:26","editable":true,"index":8},{"name":"additional:","node_type":"field","data_type":"hex","value":"","editable":true,"index":9}]},{"name":"ed057c64","node_type":"minus","id":"","id_editable":false,"type":" 21-05-18 16:28:38 ","obj_type":"notification","can_delete":true,"is_open":false,"children":[{"name":"log_id:","node_type":"field","data_type":"hex","value":"ed057c64","editable":false,"index":0},{"name":"log_type:","node_type":"field","data_type":"hex","value":"01","editable":true,"index":1},{"name":"dev_type:","node_type":"field","data_type":"hex","value":"45","editable":true,"index":2},{"name":"dev_id:","node_type":"field","data_type":"hex","value":"00ff0001","editable":true,"index":3},{"name":"event_type:","node_type":"field","data_type":"hex","value":"04","editable":true,"index":4},{"name":"room_id:","node_type":"field","data_type":"hex","value":"01","editable":true,"index":5},{"name":"dev_name:","node_type":"field","data_type":"str","value":"Device","editable":true,"index":6},{"name":"room_name:","node_type":"field","data_type":"str","value":"Room","editable":true,"index":7},{"name":"time:","node_type":"field","data_type":"date","value":"21-05-18 16:28:38","editable":true,"index":8},{"name":"additional:","node_type":"field","data_type":"hex","value":"","editable":true,"index":9}]},{"name":"ed057c63","node_type":"minus","id":"","id_editable":false,"type":" 21-05-18 16:27:57 ","obj_type":"notification","can_delete":true,"is_open":false,"children":[{"name":"log_id:","node_type":"field","data_type":"hex","value":"ed057c63","editable":false,"index":0},{"name":"log_type:","node_type":"field","data_type":"hex","value":"01","editable":true,"index":1},{"name":"dev_type:","node_type":"field","data_type":"hex","value":"45","editable":true,"index":2},{"name":"dev_id:","node_type":"field","data_type":"hex","value":"00ff0001","editable":true,"index":3},{"name":"event_type:","node_type":"field","data_type":"hex","value":"03","editable":true,"index":4},{"name":"room_id:","node_type":"field","data_type":"hex","value":"01","editable":true,"index":5},{"name":"dev_name:","node_type":"field","data_type":"str","value":"Device","editable":true,"index":6},{"name":"room_name:","node_type":"field","data_type":"str","value":"Room","editable":true,"index":7},{"name":"time:","node_type":"field","data_type":"date","value":"21-05-18 16:27:57","editable":true,"index":8},{"name":"additional:","node_type":"field","data_type":"hex","value":"","editable":true,"index":9}]},{"name":"ed057c62","node_type":"minus","id":"","id_editable":false,"type":" 21-05-18 16:27:26 ","obj_type":"notification","can_delete":true,"is_open":false,"children":[{"name":"log_id:","node_type":"field","data_type":"hex","value":"ed057c62","editable":false,"index":0},{"name":"log_type:","node_type":"field","data_type":"hex","value":"07","editable":true,"index":1},{"name":"dev_type:","node_type":"field","data_type":"hex","value":"45","editable":true,"index":2},{"name":"dev_id:","node_type":"field","data_type":"hex","value":"00ff0001","editable":true,"index":3},{"name":"event_type:","node_type":"field","data_type":"hex","value":"02","editable":true,"index":4},{"name":"room_id:","node_type":"field","data_type":"hex","value":"01","editable":true,"index":5},{"name":"dev_name:","node_type":"field","data_type":"str","value":"Device","editable":true,"index":6},{"name":"room_name:","node_type":"field","data_type":"str","value":"Room","editable":true,"index":7},{"name":"time:","node_type":"field","data_type":"date","value":"21-05-18 16:27:26","editable":true,"index":8},{"name":"additional:","node_type":"field","data_type":"hex","value":"","editable":true,"index":9}]},{"name":"ed057c61","node_type":"minus","id":"","id_editable":false,"type":" 21-05-18 16:26:49 ","obj_type":"notification","can_delete":true,"is_open":false,"children":[{"name":"log_id:","node_type":"field","data_type":"hex","value":"ed057c61","editable":false,"index":0},{"name":"log_type:","node_type":"field","data_type":"hex","value":"07","editable":true,"index":1},{"name":"dev_type:","node_type":"field","data_type":"hex","value":"45","editable":true,"index":2},{"name":"dev_id:","node_type":"field","data_type":"hex","value":"00ff0001","editable":true,"index":3},{"name":"event_type:","node_type":"field","data_type":"hex","value":"01","editable":true,"index":4},{"name":"room_id:","node_type":"field","data_type":"hex","value":"01","editable":true,"index":5},{"name":"dev_name:","node_type":"field","data_type":"str","value":"Device","editable":true,"index":6},{"name":"room_name:","node_type":"field","data_type":"str","value":"Room","editable":true,"index":7},{"name":"time:","node_type":"field","data_type":"date","value":"21-05-18 16:26:49","editable":true,"index":8},{"name":"additional:","node_type":"field","data_type":"hex","value":"","editable":true,"index":9}]},{"name":"ed057c60","node_type":"minus","id":"","id_editable":false,"type":" 21-05-18 16:20:40 ","obj_type":"notification","can_delete":true,"is_open":false,"children":[{"name":"log_id:","node_type":"field","data_type":"hex","value":"ed057c60","editable":false,"index":0},{"name":"log_type:","node_type":"field","data_type":"hex","value":"01","editable":true,"index":1},{"name":"dev_type:","node_type":"field","data_type":"hex","value":"45","editable":true,"index":2},{"name":"dev_id:","node_type":"field","data_type":"hex","value":"00ff0001","editable":true,"index":3},{"name":"event_type:","node_type":"field","data_type":"hex","value":"00","editable":true,"index":4},{"name":"room_id:","node_type":"field","data_type":"hex","value":"01","editable":true,"index":5},{"name":"dev_name:","node_type":"field","data_type":"str","value":"Device","editable":true,"index":6},{"name":"room_name:","node_type":"field","data_type":"str","value":"Room","editable":true,"index":7},{"name":"time:","node_type":"field","data_type":"date","value":"21-05-18 16:20:40","editable":true,"index":8},{"name":"additional:","node_type":"field","data_type":"hex","value":"","editable":true,"index":9}]},{"name":"ed057c5f","node_type":"minus","id":"","id_editable":false,"type":" 21-05-18 16:17:56 ","obj_type":"notification","can_delete":true,"is_open":false,"children":[{"name":"log_id:","node_type":"field","data_type":"hex","value":"ed057c5f","editable":false,"index":0},{"name":"log_type:","node_type":"field","data_type":"hex","value":"01","editable":true,"index":1},{"name":"dev_type:","node_type":"field","data_type":"hex","value":"45","editable":true,"index":2},{"name":"dev_id:","node_type":"field","data_type":"hex","value":"00ff0001","editable":true,"index":3},{"name":"event_type:","node_type":"field","data_type":"hex","value":"2c","editable":true,"index":4},{"name":"room_id:","node_type":"field","data_type":"hex","value":"01","editable":true,"index":5},{"name":"dev_name:","node_type":"field","data_type":"str","value":"Device","editable":true,"index":6},{"name":"room_name:","node_type":"field","data_type":"str","value":"Room","editable":true,"index":7},{"name":"time:","node_type":"field","data_type":"date","value":"21-05-18 16:17:56","editable":true,"index":8},{"name":"additional:","node_type":"field","data_type":"hex","value":"","editable":true,"index":9}]},{"name":"ed057c5e","node_type":"minus","id":"","id_editable":false,"type":" 21-05-18 16:17:16 ","obj_type":"notification","can_delete":true,"is_open":false,"children":[{"name":"log_id:","node_type":"field","data_type":"hex","value":"ed057c5e","editable":false,"index":0},{"name":"log_type:","node_type":"field","data_type":"hex","value":"07","editable":true,"index":1},{"name":"dev_type:","node_type":"field","data_type":"hex","value":"45","editable":true,"index":2},{"name":"dev_id:","node_type":"field","data_type":"hex","value":"00ff0001","editable":true,"index":3},{"name":"event_type:","node_type":"field","data_type":"hex","value":"23","editable":true,"index":4},{"name":"room_id:","node_type":"field","data_type":"hex","value":"01","editable":true,"index":5},{"name":"dev_name:","node_type":"field","data_type":"str","value":"Device","editable":true,"index":6},{"name":"room_name:","node_type":"field","data_type":"str","value":"Room","editable":true,"index":7},{"name":"time:","node_type":"field","data_type":"date","value":"21-05-18 16:17:16","editable":true,"index":8},{"name":"additional:","node_type":"field","data_type":"hex","value":"","editable":true,"index":9}]},{"name":"ed057c5d","node_type":"minus","id":"","id_editable":false,"type":" 21-05-18 16:16:49 ","obj_type":"notification","can_delete":true,"is_open":false,"children":[{"name":"log_id:","node_type":"field","data_type":"hex","value":"ed057c5d","editable":false,"index":0},{"name":"log_type:","node_type":"field","data_type":"hex","value":"01","editable":true,"index":1},{"name":"dev_type:","node_type":"field","data_type":"hex","value":"45","editable":true,"index":2},{"name":"dev_id:","node_type":"field","data_type":"hex","value":"00ff0001","editable":true,"index":3},{"name":"event_type:","node_type":"field","data_type":"hex","value":"22","editable":true,"index":4},{"name":"room_id:","node_type":"field","data_type":"hex","value":"01","editable":true,"index":5},{"name":"dev_name:","node_type":"field","data_type":"str","value":"Device","editable":true,"index":6},{"name":"room_name:","node_type":"field","data_type":"str","value":"Room","editable":true,"index":7},{"name":"time:","node_type":"field","data_type":"date","value":"21-05-18 16:16:49","editable":true,"index":8},{"name":"additional:","node_type":"field","data_type":"hex","value":"","editable":true,"index":9}]},{"name":"ed057c5c","node_type":"minus","id":"","id_editable":false,"type":" 21-05-18 15:54:37 ","obj_type":"notification","can_delete":true,"is_open":false,"children":[{"name":"log_id:","node_type":"field","data_type":"hex","value":"ed057c5c","editable":false,"index":0},{"name":"log_type:","node_type":"field","data_type":"hex","value":"07","editable":true,"index":1},{"name":"dev_type:","node_type":"field","data_type":"hex","value":"45","editable":true,"index":2},{"name":"dev_id:","node_type":"field","data_type":"hex","value":"00ff0001","editable":true,"index":3},{"name":"event_type:","node_type":"field","data_type":"hex","value":"21","editable":true,"index":4},{"name":"room_id:","node_type":"field","data_type":"hex","value":"01","editable":true,"index":5},{"name":"dev_name:","node_type":"field","data_type":"str","value":"Device","editable":true,"index":6},{"name":"room_name:","node_type":"field","data_type":"str","value":"Room","editable":true,"index":7},{"name":"time:","node_type":"field","data_type":"date","value":"21-05-18 15:54:37","editable":true,"index":8},{"name":"additional:","node_type":"field","data_type":"hex","value":"","editable":true,"index":9}]},{"name":"ed057c5b","node_type":"minus","id":"","id_editable":false,"type":" 21-05-18 15:46:38 ","obj_type":"notification","can_delete":true,"is_open":false,"children":[{"name":"log_id:","node_type":"field","data_type":"hex","value":"ed057c5b","editable":false,"index":0},{"name":"log_type:","node_type":"field","data_type":"hex","value":"01","editable":true,"index":1},{"name":"dev_type:","node_type":"field","data_type":"hex","value":"45","editable":true,"index":2},{"name":"dev_id:","node_type":"field","data_type":"hex","value":"00ff0001","editable":true,"index":3},{"name":"event_type:","node_type":"field","data_type":"hex","value":"20","editable":true,"index":4},{"name":"room_id:","node_type":"field","data_type":"hex","value":"01","editable":true,"index":5},{"name":"dev_name:","node_type":"field","data_type":"str","value":"Device","editable":true,"index":6},{"name":"room_name:","node_type":"field","data_type":"str","value":"Room","editable":true,"index":7},{"name":"time:","node_type":"field","data_type":"date","value":"21-05-18 15:46:38","editable":true,"index":8},{"name":"additional:","node_type":"field","data_type":"hex","value":"","editable":true,"index":9}]}]},{"name":"00","node_type":"param","data_type":"hex","value":"46414b4520485542"},{"name":"01","node_type":"param","data_type":"hex","value":"0064"},{"name":"07","node_type":"param","data_type":"hex","value":"01"},{"name":"08","node_type":"param","data_type":"hex","value":"00"},{"name":"10","node_type":"param","data_type":"hex","value":"00"},{"name":"23","node_type":"param","data_type":"hex","value":"05050505"},{"name":"24","node_type":"param","data_type":"hex","value":"05050505"},{"name":"25","node_type":"param","data_type":"hex","value":"05050505"},{"name":"26","node_type":"param","data_type":"hex","value":"05050505"},{"name":"37","node_type":"param","data_type":"hex","value":"00033838"},{"name":"49","node_type":"param","data_type":"hex","value":"01"},{"name":"4a","node_type":"param","data_type":"hex","value":"00"},{"name":"7e","node_type":"param","data_type":"hex","value":"01"},{"name":"89","node_type":"param","data_type":"hex","value":"00"}]},{"name":"Misha","node_type":"minus","id":"66600666","id_editable":false,"type":"22","obj_type":"logged_user","can_delete":false,"children":[{"name":"01","node_type":"param","data_type":"hex","value":"4d69736861"},{"name":"02","node_type":"param","data_type":"hex","value":"6b6f7a6c69756b2e6d40616a61782e73797374656d73"},{"name":"03","node_type":"param","data_type":"hex","value":"2b333830393339333738323436"},{"name":"09","node_type":"param","data_type":"hex","value":"07"},{"name":"0a","node_type":"param","data_type":"hex","value":"03"},{"name":"0b","node_type":"param","data_type":"hex","value":"03"},{"name":"0f","node_type":"param","data_type":"hex","value":"01f5"},{"name":"10","node_type":"param","data_type":"hex","value":"03"},{"name":"14","node_type":"param","data_type":"hex","value":"ffffffff"},{"name":"15","node_type":"param","data_type":"hex","value":"01"},{"name":"19","node_type":"param","data_type":"hex","value":"ffffffffffffffff"},{"name":"1a","node_type":"param","data_type":"hex","value":"ffffffffffffffff"},{"name":"21","node_type":"param","data_type":"hex","value":"00000000"}]}]}]