[{"name":".","node_type":"add_hub","is_open":true,"children":[{"name":"FAKE HUB","node_type":"minus","id":"00000001","type":"21","obj_type":"hub","can_delete":true,"is_open":true,"children":[{"name":"rooms","node_type":"add","obj_type":"rooms","children":[{"name":"fake room","node_type":"minus","id":"00000001","id_editable":false,"type":"24","obj_type":"room","can_delete":true,"children":[{"name":"00","node_type":"param","data_type":"hex","value":"66616b6520726f6f6d"}]}]},{"name":"groups","node_type":"add","obj_type":"groups","children":[{"name":"fake group","node_type":"minus","id":"00000001","id_editable":false,"type":"23","obj_type":"group","can_delete":true,"children":[{"name":"02","node_type":"param","data_type":"hex","value":"66616b652067726f7570"},{"name":"04","node_type":"param","data_type":"hex","value":"01"},{"name":"05","node_type":"param","data_type":"hex","value":"01"},{"name":"06","node_type":"param","data_type":"hex","value":"00"}]}]},{"name":"devices","node_type":"add","obj_type":"devices","children":[{"name":"111001611","node_type":"minus","id":"00111111","id_editable":true,"type":"61","type_editable":true,"obj_type":"device","can_delete":true,"children":[{"name":"02","node_type":"param","data_type":"hex","value":"f6"},{"name":"03","node_type":"param","data_type":"hex","value":"01"},{"name":"04","node_type":"param","data_type":"hex","value":"00"},{"name":"05","node_type":"param","data_type":"hex","value":"0032"},{"name":"06","node_type":"param","data_type":"hex","value":"0006f158"},{"name":"09","node_type":"param","data_type":"hex","value":"313131303031363131"},{"name":"0a","node_type":"param","data_type":"hex","value":"01"},{"name":"0b","node_type":"param","data_type":"hex","value":"01"},{"name":"26","node_type":"param","data_type":"hex","value":"01"},{"name":"27","node_type":"param","data_type":"hex","value":"01"},{"name":"50","node_type":"param","data_type":"hex","value":"01"},{"name":"b0","node_type":"param","data_type":"hex","value":"05370000"}]}]},{"name":"users","node_type":"add","obj_type":"users","children":[{"name":"Misha","node_type":"minus","id":"66600666","id_editable":false,"type":"22","obj_type":"user","can_delete":false,"children":[{"name":"01","node_type":"param","data_type":"hex","value":"4d69736861"},{"name":"02","node_type":"param","data_type":"hex","value":"6b6f7a6c69756b2e6d40616a61782e73797374656d73"},{"name":"03","node_type":"param","data_type":"hex","value":"2b333830393339333738323436"},{"name":"09","node_type":"param","data_type":"hex","value":"07"},{"name":"0a","node_type":"param","data_type":"hex","value":"03"},{"name":"0b","node_type":"param","data_type":"hex","value":"03"},{"name":"0f","node_type":"param","data_type":"hex","value":"01f5"},{"name":"10","node_type":"param","data_type":"hex","value":"03"},{"name":"14","node_type":"param","data_type":"hex","value":"ffffffff"},{"name":"15","node_type":"param","data_type":"hex","value":"01"},{"name":"19","node_type":"param","data_type":"hex","value":"ffffffffffffffff"},{"name":"1a","node_type":"param","data_type":"hex","value":"ffffffffffffffff"},{"name":"21","node_type":"param","data_type":"hex","value":"00000000"}]}]},{"name":"cards","node_type":"add","obj_type":"cards"},{"name":"billing_companies","node_type":"add","obj_type":"billing_companies"},{"name":"notifications","node_type":"add","obj_type":"notifications","is_open":true,"children":[{"name":"15e186f4","node_type":"minus","id":"","id_editable":false,"type":" 21-04-19 15:58:15 ","obj_type":"notification","can_delete":true,"is_open":true,"children":[{"name":"log_id:","node_type":"field","data_type":"hex","value":"15e186f4","editable":false,"index":0},{"name":"log_type:","node_type":"field","data_type":"hex","value":"03","editable":true,"index":1},{"name":"dev_type:","node_type":"field","data_type":"hex","value":"01","editable":true,"index":2},{"name":"dev_id:","node_type":"field","data_type":"hex","value":"00ff0001","editable":true,"index":3},{"name":"event_type:","node_type":"field","data_type":"hex","value":"13","editable":true,"index":4},{"name":"room_id:","node_type":"field","data_type":"hex","value":"01","editable":true,"index":5},{"name":"dev_name:","node_type":"field","data_type":"str","value":"Device","editable":true,"index":6},{"name":"room_name:","node_type":"field","data_type":"str","value":"Room","editable":true,"index":7},{"name":"time:","node_type":"field","data_type":"date","value":"21-04-19 15:58:15","editable":true,"index":8},{"name":"additional:","node_type":"field","data_type":"hex","value":"","editable":true,"index":9}]},{"name":"15e186f3","node_type":"minus","id":"","id_editable":false,"type":" 21-04-19 15:57:24 ","obj_type":"notification","can_delete":true,"is_open":true,"children":[{"name":"log_id:","node_type":"field","data_type":"hex","value":"15e186f3","editable":false,"index":0},{"name":"log_type:","node_type":"field","data_type":"hex","value":"07","editable":true,"index":1},{"name":"dev_type:","node_type":"field","data_type":"hex","value":"01","editable":true,"index":2},{"name":"dev_id:","node_type":"field","data_type":"hex","value":"00ff0001","editable":true,"index":3},{"name":"event_type:","node_type":"field","data_type":"hex","value":"14","editable":true,"index":4},{"name":"room_id:","node_type":"field","data_type":"hex","value":"01","editable":true,"index":5},{"name":"dev_name:","node_type":"field","data_type":"str","value":"Device","editable":true,"index":6},{"name":"room_name:","node_type":"field","data_type":"str","value":"Room","editable":true,"index":7},{"name":"time:","node_type":"field","data_type":"date","value":"21-04-19 15:57:24","editable":true,"index":8},{"name":"additional:","node_type":"field","data_type":"hex","value":"","editable":true,"index":9}]},{"name":"15e186f2","node_type":"minus","id":"","id_editable":false,"type":" 21-04-19 15:57:04 ","obj_type":"notification","can_delete":true,"is_open":true,"children":[{"name":"log_id:","node_type":"field","data_type":"hex","value":"15e186f2","editable":false,"index":0},{"name":"log_type:","node_type":"field","data_type":"hex","value":"01","editable":true,"index":1},{"name":"dev_type:","node_type":"field","data_type":"hex","value":"01","editable":true,"index":2},{"name":"dev_id:","node_type":"field","data_type":"hex","value":"00ff0001","editable":true,"index":3},{"name":"event_type:","node_type":"field","data_type":"hex","value":"12","editable":true,"index":4},{"name":"room_id:","node_type":"field","data_type":"hex","value":"01","editable":true,"index":5},{"name":"dev_name:","node_type":"field","data_type":"str","value":"Device","editable":true,"index":6},{"name":"room_name:","node_type":"field","data_type":"str","value":"Room","editable":true,"index":7},{"name":"time:","node_type":"field","data_type":"date","value":"21-04-19 15:57:04","editable":true,"index":8},{"name":"additional:","node_type":"field","data_type":"hex","value":"","editable":true,"index":9}]},{"name":"15e186f1","node_type":"minus","id":"","id_editable":false,"type":" 21-04-19 15:55:44 ","obj_type":"notification","can_delete":true,"is_open":true,"children":[{"name":"log_id:","node_type":"field","data_type":"hex","value":"15e186f1","editable":false,"index":0},{"name":"log_type:","node_type":"field","data_type":"hex","value":"07","editable":true,"index":1},{"name":"dev_type:","node_type":"field","data_type":"hex","value":"01","editable":true,"index":2},{"name":"dev_id:","node_type":"field","data_type":"hex","value":"00ff0001","editable":true,"index":3},{"name":"event_type:","node_type":"field","data_type":"hex","value":"07","editable":true,"index":4},{"name":"room_id:","node_type":"field","data_type":"hex","value":"01","editable":true,"index":5},{"name":"dev_name:","node_type":"field","data_type":"str","value":"Device","editable":true,"index":6},{"name":"room_name:","node_type":"field","data_type":"str","value":"Room","editable":true,"index":7},{"name":"time:","node_type":"field","data_type":"date","value":"21-04-19 15:55:44","editable":true,"index":8},{"name":"additional:","node_type":"field","data_type":"hex","value":"","editable":true,"index":9}]},{"name":"15e186f0","node_type":"minus","id":"","id_editable":false,"type":" 21-04-19 15:54:42 ","obj_type":"notification","can_delete":true,"is_open":true,"children":[{"name":"log_id:","node_type":"field","data_type":"hex","value":"15e186f0","editable":false,"index":0},{"name":"log_type:","node_type":"field","data_type":"hex","value":"01","editable":true,"index":1},{"name":"dev_type:","node_type":"field","data_type":"hex","value":"01","editable":true,"index":2},{"name":"dev_id:","node_type":"field","data_type":"hex","value":"00ff0001","editable":true,"index":3},{"name":"event_type:","node_type":"field","data_type":"hex","value":"06","editable":true,"index":4},{"name":"room_id:","node_type":"field","data_type":"hex","value":"01","editable":true,"index":5},{"name":"dev_name:","node_type":"field","data_type":"str","value":"Device","editable":true,"index":6},{"name":"room_name:","node_type":"field","data_type":"str","value":"Room","editable":true,"index":7},{"name":"time:","node_type":"field","data_type":"date","value":"21-04-19 15:54:42","editable":true,"index":8},{"name":"additional:","node_type":"field","data_type":"hex","value":"","editable":true,"index":9}]},{"name":"d6628013","node_type":"minus","id":"","id_editable":false,"type":" 21-04-13 15:29:34 ","obj_type":"notification","can_delete":true,"is_open":true,"children":[{"name":"log_id:","node_type":"field","data_type":"hex","value":"d6628013","editable":false,"index":0},{"name":"log_type:","node_type":"field","data_type":"hex","value":"01","editable":true,"index":1},{"name":"dev_type:","node_type":"field","data_type":"hex","value":"01","editable":true,"index":2},{"name":"dev_id:","node_type":"field","data_type":"hex","value":"00ff0001","editable":true,"index":3},{"name":"event_type:","node_type":"field","data_type":"hex","value":"0f","editable":true,"index":4},{"name":"room_id:","node_type":"field","data_type":"hex","value":"01","editable":true,"index":5},{"name":"dev_name:","node_type":"field","data_type":"str","value":"Device","editable":true,"index":6},{"name":"room_name:","node_type":"field","data_type":"str","value":"Room","editable":true,"index":7},{"name":"time:","node_type":"field","data_type":"date","value":"21-04-13 15:29:34","editable":true,"index":8},{"name":"additional:","node_type":"field","data_type":"hex","value":"","editable":true,"index":9}]},{"name":"d6628011","node_type":"minus","id":"","id_editable":false,"type":" 21-04-13 15:28:58 ","obj_type":"notification","can_delete":true,"is_open":true,"children":[{"name":"log_id:","node_type":"field","data_type":"hex","value":"d6628011","editable":false,"index":0},{"name":"log_type:","node_type":"field","data_type":"hex","value":"01","editable":true,"index":1},{"name":"dev_type:","node_type":"field","data_type":"hex","value":"01","editable":true,"index":2},{"name":"dev_id:","node_type":"field","data_type":"hex","value":"00ff0001","editable":true,"index":3},{"name":"event_type:","node_type":"field","data_type":"hex","value":"0e","editable":true,"index":4},{"name":"room_id:","node_type":"field","data_type":"hex","value":"01","editable":true,"index":5},{"name":"dev_name:","node_type":"field","data_type":"str","value":"Device","editable":true,"index":6},{"name":"room_name:","node_type":"field","data_type":"str","value":"Room","editable":true,"index":7},{"name":"time:","node_type":"field","data_type":"date","value":"21-04-13 15:28:58","editable":true,"index":8},{"name":"additional:","node_type":"field","data_type":"hex","value":"","editable":true,"index":9}]},{"name":"d6628010","node_type":"minus","id":"","id_editable":false,"type":" 21-04-13 15:28:39 ","obj_type":"notification","can_delete":true,"is_open":true,"children":[{"name":"log_id:","node_type":"field","data_type":"hex","value":"d6628010","editable":false,"index":0},{"name":"log_type:","node_type":"field","data_type":"hex","value":"07","editable":true,"index":1},{"name":"dev_type:","node_type":"field","data_type":"hex","value":"01","editable":true,"index":2},{"name":"dev_id:","node_type":"field","data_type":"hex","value":"00ff0001","editable":true,"index":3},{"name":"event_type:","node_type":"field","data_type":"hex","value":"0d","editable":true,"index":4},{"name":"room_id:","node_type":"field","data_type":"hex","value":"01","editable":true,"index":5},{"name":"dev_name:","node_type":"field","data_type":"str","value":"Device","editable":true,"index":6},{"name":"room_name:","node_type":"field","data_type":"str","value":"Room","editable":true,"index":7},{"name":"time:","node_type":"field","data_type":"date","value":"21-04-13 15:28:39","editable":true,"index":8},{"name":"additional:","node_type":"field","data_type":"hex","value":"","editable":true,"index":9}]},{"name":"d662800f","node_type":"minus","id":"","id_editable":false,"type":" 21-04-13 15:13:38 ","obj_type":"notification","can_delete":true,"is_open":true,"children":[{"name":"log_id:","node_type":"field","data_type":"hex","value":"d662800f","editable":false,"index":0},{"name":"log_type:","node_type":"field","data_type":"hex","value":"01","editable":true,"index":1},{"name":"dev_type:","node_type":"field","data_type":"hex","value":"01","editable":true,"index":2},{"name":"dev_id:","node_type":"field","data_type":"hex","value":"00ff0001","editable":true,"index":3},{"name":"event_type:","node_type":"field","data_type":"hex","value":"0c","editable":true,"index":4},{"name":"room_id:","node_type":"field","data_type":"hex","value":"01","editable":true,"index":5},{"name":"dev_name:","node_type":"field","data_type":"str","value":"Device","editable":true,"index":6},{"name":"room_name:","node_type":"field","data_type":"str","value":"Room","editable":true,"index":7},{"name":"time:","node_type":"field","data_type":"date","value":"21-04-13 15:13:38","editable":true,"index":8},{"name":"additional:","node_type":"field","data_type":"hex","value":"","editable":true,"index":9}]},{"name":"d662800e","node_type":"minus","id":"","id_editable":false,"type":" 21-04-13 15:13:09 ","obj_type":"notification","can_delete":true,"is_open":true,"children":[{"name":"log_id:","node_type":"field","data_type":"hex","value":"d662800e","editable":false,"index":0},{"name":"log_type:","node_type":"field","data_type":"hex","value":"07","editable":true,"index":1},{"name":"dev_type:","node_type":"field","data_type":"hex","value":"01","editable":true,"index":2},{"name":"dev_id:","node_type":"field","data_type":"hex","value":"00ff0001","editable":true,"index":3},{"name":"event_type:","node_type":"field","data_type":"hex","value":"0b","editable":true,"index":4},{"name":"room_id:","node_type":"field","data_type":"hex","value":"01","editable":true,"index":5},{"name":"dev_name:","node_type":"field","data_type":"str","value":"Device","editable":true,"index":6},{"name":"room_name:","node_type":"field","data_type":"str","value":"Room","editable":true,"index":7},{"name":"time:","node_type":"field","data_type":"date","value":"21-04-13 15:13:09","editable":true,"index":8},{"name":"additional:","node_type":"field","data_type":"hex","value":"","editable":true,"index":9}]},{"name":"d662800d","node_type":"minus","id":"","id_editable":false,"type":" 21-04-13 15:12:52 ","obj_type":"notification","can_delete":true,"is_open":true,"children":[{"name":"log_id:","node_type":"field","data_type":"hex","value":"d662800d","editable":false,"index":0},{"name":"log_type:","node_type":"field","data_type":"hex","value":"01","editable":true,"index":1},{"name":"dev_type:","node_type":"field","data_type":"hex","value":"01","editable":true,"index":2},{"name":"dev_id:","node_type":"field","data_type":"hex","value":"00ff0001","editable":true,"index":3},{"name":"event_type:","node_type":"field","data_type":"hex","value":"0a","editable":true,"index":4},{"name":"room_id:","node_type":"field","data_type":"hex","value":"01","editable":true,"index":5},{"name":"dev_name:","node_type":"field","data_type":"str","value":"Device","editable":true,"index":6},{"name":"room_name:","node_type":"field","data_type":"str","value":"Room","editable":true,"index":7},{"name":"time:","node_type":"field","data_type":"date","value":"21-04-13 15:12:52","editable":true,"index":8},{"name":"additional:","node_type":"field","data_type":"hex","value":"","editable":true,"index":9}]},{"name":"d662800c","node_type":"minus","id":"","id_editable":false,"type":" 21-04-13 15:10:57 ","obj_type":"notification","can_delete":true,"is_open":true,"children":[{"name":"log_id:","node_type":"field","data_type":"hex","value":"d662800c","editable":false,"index":0},{"name":"log_type:","node_type":"field","data_type":"hex","value":"09","editable":true,"index":1},{"name":"dev_type:","node_type":"field","data_type":"hex","value":"01","editable":true,"index":2},{"name":"dev_id:","node_type":"field","data_type":"hex","value":"00ff0001","editable":true,"index":3},{"name":"event_type:","node_type":"field","data_type":"hex","value":"09","editable":true,"index":4},{"name":"room_id:","node_type":"field","data_type":"hex","value":"01","editable":true,"index":5},{"name":"dev_name:","node_type":"field","data_type":"str","value":"Device","editable":true,"index":6},{"name":"room_name:","node_type":"field","data_type":"str","value":"Room","editable":true,"index":7},{"name":"time:","node_type":"field","data_type":"date","value":"21-04-13 15:10:57","editable":true,"index":8},{"name":"additional:","node_type":"field","data_type":"hex","value":"","editable":true,"index":9}]},{"name":"d662800b","node_type":"minus","id":"","id_editable":false,"type":" 21-04-13 15:10:01 ","obj_type":"notification","can_delete":true,"is_open":true,"children":[{"name":"log_id:","node_type":"field","data_type":"hex","value":"d662800b","editable":false,"index":0},{"name":"log_type:","node_type":"field","data_type":"hex","value":"09","editable":true,"index":1},{"name":"dev_type:","node_type":"field","data_type":"hex","value":"01","editable":true,"index":2},{"name":"dev_id:","node_type":"field","data_type":"hex","value":"00ff0001","editable":true,"index":3},{"name":"event_type:","node_type":"field","data_type":"hex","value":"08","editable":true,"index":4},{"name":"room_id:","node_type":"field","data_type":"hex","value":"01","editable":true,"index":5},{"name":"dev_name:","node_type":"field","data_type":"str","value":"Device","editable":true,"index":6},{"name":"room_name:","node_type":"field","data_type":"str","value":"Room","editable":true,"index":7},{"name":"time:","node_type":"field","data_type":"date","value":"21-04-13 15:10:01","editable":true,"index":8},{"name":"additional:","node_type":"field","data_type":"hex","value":"","editable":true,"index":9}]},{"name":"d662800a","node_type":"minus","id":"","id_editable":false,"type":" 21-04-13 15:09:48 ","obj_type":"notification","can_delete":true,"is_open":true,"children":[{"name":"log_id:","node_type":"field","data_type":"hex","value":"d662800a","editable":false,"index":0},{"name":"log_type:","node_type":"field","data_type":"hex","value":"07","editable":true,"index":1},{"name":"dev_type:","node_type":"field","data_type":"hex","value":"01","editable":true,"index":2},{"name":"dev_id:","node_type":"field","data_type":"hex","value":"00ff0001","editable":true,"index":3},{"name":"event_type:","node_type":"field","data_type":"hex","value":"05","editable":true,"index":4},{"name":"room_id:","node_type":"field","data_type":"hex","value":"01","editable":true,"index":5},{"name":"dev_name:","node_type":"field","data_type":"str","value":"Device","editable":true,"index":6},{"name":"room_name:","node_type":"field","data_type":"str","value":"Room","editable":true,"index":7},{"name":"time:","node_type":"field","data_type":"date","value":"21-04-13 15:09:48","editable":true,"index":8},{"name":"additional:","node_type":"field","data_type":"hex","value":"","editable":true,"index":9}]},{"name":"d6628009","node_type":"minus","id":"","id_editable":false,"type":" 21-04-13 15:06:58 ","obj_type":"notification","can_delete":true,"is_open":true,"children":[{"name":"log_id:","node_type":"field","data_type":"hex","value":"d6628009","editable":false,"index":0},{"name":"log_type:","node_type":"field","data_type":"hex","value":"01","editable":true,"index":1},{"name":"dev_type:","node_type":"field","data_type":"hex","value":"01","editable":true,"index":2},{"name":"dev_id:","node_type":"field","data_type":"hex","value":"00ff0001","editable":true,"index":3},{"name":"event_type:","node_type":"field","data_type":"hex","value":"04","editable":true,"index":4},{"name":"room_id:","node_type":"field","data_type":"hex","value":"01","editable":true,"index":5},{"name":"dev_name:","node_type":"field","data_type":"str","value":"Device","editable":true,"index":6},{"name":"room_name:","node_type":"field","data_type":"str","value":"Room","editable":true,"index":7},{"name":"time:","node_type":"field","data_type":"date","value":"21-04-13 15:06:58","editable":true,"index":8},{"name":"additional:","node_type":"field","data_type":"hex","value":"","editable":true,"index":9}]},{"name":"d6628008","node_type":"minus","id":"","id_editable":false,"type":" 21-04-13 15:06:33 ","obj_type":"notification","can_delete":true,"is_open":true,"children":[{"name":"log_id:","node_type":"field","data_type":"hex","value":"d6628008","editable":false,"index":0},{"name":"log_type:","node_type":"field","data_type":"hex","value":"01","editable":true,"index":1},{"name":"dev_type:","node_type":"field","data_type":"hex","value":"01","editable":true,"index":2},{"name":"dev_id:","node_type":"field","data_type":"hex","value":"00ff0001","editable":true,"index":3},{"name":"event_type:","node_type":"field","data_type":"hex","value":"03","editable":true,"index":4},{"name":"room_id:","node_type":"field","data_type":"hex","value":"01","editable":true,"index":5},{"name":"dev_name:","node_type":"field","data_type":"str","value":"Device","editable":true,"index":6},{"name":"room_name:","node_type":"field","data_type":"str","value":"Room","editable":true,"index":7},{"name":"time:","node_type":"field","data_type":"date","value":"21-04-13 15:06:33","editable":true,"index":8},{"name":"additional:","node_type":"field","data_type":"hex","value":"","editable":true,"index":9}]},{"name":"d6628007","node_type":"minus","id":"","id_editable":false,"type":" 21-04-13 15:06:16 ","obj_type":"notification","can_delete":true,"is_open":true,"children":[{"name":"log_id:","node_type":"field","data_type":"hex","value":"d6628007","editable":false,"index":0},{"name":"log_type:","node_type":"field","data_type":"hex","value":"07","editable":true,"index":1},{"name":"dev_type:","node_type":"field","data_type":"hex","value":"01","editable":true,"index":2},{"name":"dev_id:","node_type":"field","data_type":"hex","value":"00ff0001","editable":true,"index":3},{"name":"event_type:","node_type":"field","data_type":"hex","value":"02","editable":true,"index":4},{"name":"room_id:","node_type":"field","data_type":"hex","value":"01","editable":true,"index":5},{"name":"dev_name:","node_type":"field","data_type":"str","value":"Device","editable":true,"index":6},{"name":"room_name:","node_type":"field","data_type":"str","value":"Room","editable":true,"index":7},{"name":"time:","node_type":"field","data_type":"date","value":"21-04-13 15:06:16","editable":true,"index":8},{"name":"additional:","node_type":"field","data_type":"hex","value":"","editable":true,"index":9}]},{"name":"d6628006","node_type":"minus","id":"","id_editable":false,"type":" 21-04-13 15:05:36 ","obj_type":"notification","can_delete":true,"is_open":true,"children":[{"name":"log_id:","node_type":"field","data_type":"hex","value":"d6628006","editable":false,"index":0},{"name":"log_type:","node_type":"field","data_type":"hex","value":"07","editable":true,"index":1},{"name":"dev_type:","node_type":"field","data_type":"hex","value":"01","editable":true,"index":2},{"name":"dev_id:","node_type":"field","data_type":"hex","value":"00ff0001","editable":true,"index":3},{"name":"event_type:","node_type":"field","data_type":"hex","value":"01","editable":true,"index":4},{"name":"room_id:","node_type":"field","data_type":"hex","value":"01","editable":true,"index":5},{"name":"dev_name:","node_type":"field","data_type":"str","value":"Device","editable":true,"index":6},{"name":"room_name:","node_type":"field","data_type":"str","value":"Room","editable":true,"index":7},{"name":"time:","node_type":"field","data_type":"date","value":"21-04-13 15:05:36","editable":true,"index":8},{"name":"additional:","node_type":"field","data_type":"hex","value":"","editable":true,"index":9}]},{"name":"d6628005","node_type":"minus","id":"","id_editable":false,"type":" 21-04-13 15:04:44 ","obj_type":"notification","can_delete":true,"is_open":true,"children":[{"name":"log_id:","node_type":"field","data_type":"hex","value":"d6628005","editable":false,"index":0},{"name":"log_type:","node_type":"field","data_type":"hex","value":"01","editable":true,"index":1},{"name":"dev_type:","node_type":"field","data_type":"hex","value":"01","editable":true,"index":2},{"name":"dev_id:","node_type":"field","data_type":"hex","value":"00ff0001","editable":true,"index":3},{"name":"event_type:","node_type":"field","data_type":"hex","value":"00","editable":true,"index":4},{"name":"room_id:","node_type":"field","data_type":"hex","value":"01","editable":true,"index":5},{"name":"dev_name:","node_type":"field","data_type":"str","value":"Device","editable":true,"index":6},{"name":"room_name:","node_type":"field","data_type":"str","value":"Room","editable":true,"index":7},{"name":"time:","node_type":"field","data_type":"date","value":"21-04-13 15:04:44","editable":true,"index":8},{"name":"additional:","node_type":"field","data_type":"hex","value":"","editable":true,"index":9}]}]},{"name":"00","node_type":"param","data_type":"hex","value":"46414b4520485542"},{"name":"01","node_type":"param","data_type":"hex","value":"0064"},{"name":"07","node_type":"param","data_type":"hex","value":"01"},{"name":"08","node_type":"param","data_type":"hex","value":"00"},{"name":"10","node_type":"param","data_type":"hex","value":"01"},{"name":"14","node_type":"param","data_type":"hex","value":"fc000000"},{"name":"23","node_type":"param","data_type":"hex","value":"05050505"},{"name":"24","node_type":"param","data_type":"hex","value":"05050505"},{"name":"25","node_type":"param","data_type":"hex","value":"05050505"},{"name":"26","node_type":"param","data_type":"hex","value":"05050505"},{"name":"37","node_type":"param","data_type":"hex","value":"00033838"},{"name":"41","node_type":"param","data_type":"hex","value":"0096"},{"name":"49","node_type":"param","data_type":"hex","value":"02"},{"name":"4a","node_type":"param","data_type":"hex","value":"01"},{"name":"4b","node_type":"param","data_type":"hex","value":"01"},{"name":"4c","node_type":"param","data_type":"hex","value":"01"},{"name":"62","node_type":"param","data_type":"hex","value":"01"},{"name":"63","node_type":"param","data_type":"hex","value":"01"},{"name":"64","node_type":"param","data_type":"hex","value":"01"},{"name":"74","node_type":"param","data_type":"hex","value":"00015180"},{"name":"75","node_type":"param","data_type":"hex","value":"08"},{"name":"7e","node_type":"param","data_type":"hex","value":"01"},{"name":"89","node_type":"param","data_type":"hex","value":"00"},{"name":"b8","node_type":"param","data_type":"hex","value":"01"}]},{"name":"Misha","node_type":"minus","id":"66600666","id_editable":false,"type":"22","obj_type":"logged_user","can_delete":false,"children":[{"name":"01","node_type":"param","data_type":"hex","value":"4d69736861"},{"name":"02","node_type":"param","data_type":"hex","value":"6b6f7a6c69756b2e6d40616a61782e73797374656d73"},{"name":"03","node_type":"param","data_type":"hex","value":"2b333830393339333738323436"},{"name":"09","node_type":"param","data_type":"hex","value":"07"},{"name":"0a","node_type":"param","data_type":"hex","value":"03"},{"name":"0b","node_type":"param","data_type":"hex","value":"03"},{"name":"0f","node_type":"param","data_type":"hex","value":"01f5"},{"name":"10","node_type":"param","data_type":"hex","value":"03"},{"name":"14","node_type":"param","data_type":"hex","value":"ffffffff"},{"name":"15","node_type":"param","data_type":"hex","value":"01"},{"name":"19","node_type":"param","data_type":"hex","value":"ffffffffffffffff"},{"name":"1a","node_type":"param","data_type":"hex","value":"ffffffffffffffff"},{"name":"21","node_type":"param","data_type":"hex","value":"00000000"}]}]}]